# canon	file	fragment	commented_canons
1	canon-comments/canon-comments-01.html	comment-1	1
2	canon-comments/canon-comments-01.html	comment-2	2
3	canon-comments/canon-comments-01.html	comment-3	3
4	canon-comments/canon-comments-01.html	comment-4	4
5	canon-comments/canon-comments-01.html	comment-5	5
6	canon-comments/canon-comments-01.html	comment-6	6
8	canon-comments/canon-comments-01.html	comment-8	8
9	canon-comments/canon-comments-01.html	comment-9	9
10	canon-comments/canon-comments-01.html	comment-10	10
11	canon-comments/canon-comments-01.html	comment-11	11
12	canon-comments/canon-comments-01.html	comment-12-13	12-13
13	canon-comments/canon-comments-01.html	comment-12-13	12-13
14	canon-comments/canon-comments-01.html	comment-14	14
15	canon-comments/canon-comments-01.html	comment-15	15
16	canon-comments/canon-comments-01.html	comment-16	16
18	canon-comments/canon-comments-01.html	comment-18	18
19	canon-comments/canon-comments-01.html	comment-19	19
22	canon-comments/canon-comments-01.html	comment-22	22
23	canon-comments/canon-comments-01.html	comment-23	23
24	canon-comments/canon-comments-01.html	comment-24	24
25	canon-comments/canon-comments-01.html	comment-25	25
26	canon-comments/canon-comments-01.html	comment-26	26
27	canon-comments/canon-comments-01.html	comment-27	27
28	canon-comments/canon-comments-01.html	comment-28	28
29	canon-comments/canon-comments-01.html	comment-29	29
30	canon-comments/canon-comments-01.html	comment-30	30
31	canon-comments/canon-comments-01.html	comment-31-33	31-33
32	canon-comments/canon-comments-01.html	comment-31-33	31-33
33	canon-comments/canon-comments-01.html	comment-31-33	31-33
34	canon-comments/canon-comments-01.html	comment-34	34
35	canon-comments/canon-comments-01.html	comment-35	35
38	canon-comments/canon-comments-01.html	comment-38	38
40	canon-comments/canon-comments-01.html	comment-40-47	40-47
41	canon-comments/canon-comments-01.html	comment-40-47	40-47
42	canon-comments/canon-comments-01.html	comment-40-47	40-47
43	canon-comments/canon-comments-01.html	comment-40-47	40-47
44	canon-comments/canon-comments-01.html	comment-40-47	40-47
45	canon-comments/canon-comments-01.html	comment-40-47	40-47
46	canon-comments/canon-comments-01.html	comment-40-47	40-47
47	canon-comments/canon-comments-01.html	comment-40-47	40-47
48	canon-comments/canon-comments-01.html	comment-48-49	48-49
49	canon-comments/canon-comments-01.html	comment-48-49	48-49
50	canon-comments/canon-comments-01.html	comment-50	50
51	canon-comments/canon-comments-01.html	comment-51	51
57	canon-comments/canon-comments-01.html	comment-57	57
59	canon-comments/canon-comments-01.html	comment-59	59
62	canon-comments/canon-comments-01.html	comment-62	62
63	canon-comments/canon-comments-01.html	comment-63	63
76	canon-comments/canon-comments-01.html	comment-76	76
77	canon-comments/canon-comments-01.html	comment-77	77
79	canon-comments/canon-comments-01.html	comment-79-80	79-80
80	canon-comments/canon-comments-01.html	comment-79-80	79-80
82	canon-comments/canon-comments-01.html	comment-82	82
84	canon-comments/canon-comments-01.html	comment-84	84
85	canon-comments/canon-comments-01.html	comment-85	85
86	canon-comments/canon-comments-01.html	comment-86	86
87	canon-comments/canon-comments-01.html	comment-87	87
90	canon-comments/canon-comments-01.html	comment-90	90
96	canon-comments/canon-comments-01.html	comment-96	96
97	canon-comments/canon-comments-01.html	comment-97	97
98	canon-comments/canon-comments-01.html	comment-98	98
99	canon-comments/canon-comments-01.html	comment-99	99
100	canon-comments/canon-comments-01.html	comment-100-107	100-107
101	canon-comments/canon-comments-01.html	comment-100-107	100-107
102	canon-comments/canon-comments-01.html	comment-100-107	100-107
103	canon-comments/canon-comments-01.html	comment-100-107	100-107
104	canon-comments/canon-comments-01.html	comment-100-107	100-107
105	canon-comments/canon-comments-01.html	comment-100-107	100-107
106	canon-comments/canon-comments-01.html	comment-100-107	100-107
107	canon-comments/canon-comments-01.html	comment-100-107	100-107
108	canon-comments/canon-comments-02.html	comment-108-109	108-109
109	canon-comments/canon-comments-02.html	comment-108-109	108-109
110	canon-comments/canon-comments-02.html	comment-110	110
111	canon-comments/canon-comments-02.html	comment-111	111
112	canon-comments/canon-comments-02.html	comment-112	112
113	canon-comments/canon-comments-02.html	comment-113	113
114	canon-comments/canon-comments-02.html	comment-114	114
115	canon-comments/canon-comments-02.html	comment-115	115
116	canon-comments/canon-comments-02.html	comment-116-117	116-117
117	canon-comments/canon-comments-02.html	comment-116-117	116-117
119	canon-comments/canon-comments-02.html	comment-119	119
120	canon-comments/canon-comments-02.html	comment-120	120
121	canon-comments/canon-comments-02.html	comment-121-123	121-123
122	canon-comments/canon-comments-02.html	comment-121-123	121-123
123	canon-comments/canon-comments-02.html	comment-121-123	121-123
124	canon-comments/canon-comments-02.html	comment-124	124
125	canon-comments/canon-comments-02.html	comment-125	125
126	canon-comments/canon-comments-02.html	comment-126	126
127	canon-comments/canon-comments-02.html	comment-127	127
128	canon-comments/canon-comments-02.html	comment-128	128
129	canon-comments/canon-comments-02.html	comment-129	129
130	canon-comments/canon-comments-02.html	comment-130	130
131	canon-comments/canon-comments-02.html	comment-131	131
132	canon-comments/canon-comments-02.html	comment-132	132
133	canon-comments/canon-comments-02.html	comment-133	133
134	canon-comments/canon-comments-02.html	comment-134	134
135	canon-comments/canon-comments-02.html	comment-135	135
136	canon-comments/canon-comments-02.html	comment-136	136
137	canon-comments/canon-comments-02.html	comment-137	137
138	canon-comments/canon-comments-02.html	comment-138	138
139	canon-comments/canon-comments-02.html	comment-139	139
140	canon-comments/canon-comments-02.html	comment-140-141	140-141
141	canon-comments/canon-comments-02.html	comment-140-141	140-141
143	canon-comments/canon-comments-02.html	comment-143	143
144	canon-comments/canon-comments-02.html	comment-144	144
145	canon-comments/canon-comments-02.html	comment-145	145
146	canon-comments/canon-comments-02.html	comment-146-148	146-148
147	canon-comments/canon-comments-02.html	comment-146-148	146-148
148	canon-comments/canon-comments-02.html	comment-146-148	146-148
149	canon-comments/canon-comments-02.html	comment-149-150	149-150
150	canon-comments/canon-comments-02.html	comment-149-150	149-150
151	canon-comments/canon-comments-02.html	comment-151	151
152	canon-comments/canon-comments-02.html	comment-152	152
153	canon-comments/canon-comments-02.html	comment-153-154	153-154
154	canon-comments/canon-comments-02.html	comment-153-154	153-154
155	canon-comments/canon-comments-02.html	comment-155	155
156	canon-comments/canon-comments-02.html	comment-156	156
157	canon-comments/canon-comments-02.html	comment-157	157
158	canon-comments/canon-comments-02.html	comment-158	158
159	canon-comments/canon-comments-02.html	comment-159	159
160	canon-comments/canon-comments-02.html	comment-160	160
161	canon-comments/canon-comments-02.html	comment-161-162	161-162
162	canon-comments/canon-comments-02.html	comment-161-162	161-162
163	canon-comments/canon-comments-02.html	comment-163	163
164	canon-comments/canon-comments-02.html	comment-164	164
165	canon-comments/canon-comments-02.html	comment-165	165
166	canon-comments/canon-comments-02.html	comment-166	166
167	canon-comments/canon-comments-02.html	comment-167	167
168	canon-comments/canon-comments-02.html	comment-168	168
169	canon-comments/canon-comments-02.html	comment-169-170	169-170
170	canon-comments/canon-comments-02.html	comment-169-170	169-170
171	canon-comments/canon-comments-02.html	comment-171	171
172	canon-comments/canon-comments-02.html	comment-172	172
173	canon-comments/canon-comments-02.html	comment-173	173
174	canon-comments/canon-comments-02.html	comment-174-175	174-175
175	canon-comments/canon-comments-02.html	comment-174-175	174-175
176	canon-comments/canon-comments-02.html	comment-176	176
177	canon-comments/canon-comments-02.html	comment-177	177
178	canon-comments/canon-comments-02.html	comment-178-179	178-179
179	canon-comments/canon-comments-02.html	comment-178-179	178-179
180	canon-comments/canon-comments-02.html	comment-180	180
181	canon-comments/canon-comments-02.html	comment-181	181
182	canon-comments/canon-comments-02.html	comment-182	182
183	canon-comments/canon-comments-02.html	comment-183	183
184	canon-comments/canon-comments-02.html	comment-184	184
185	canon-comments/canon-comments-02.html	comment-185	185
186	canon-comments/canon-comments-02.html	comment-186	186
187	canon-comments/canon-comments-02.html	comment-187	187
188	canon-comments/canon-comments-02.html	comment-188	188
189	canon-comments/canon-comments-02.html	comment-189	189
190	canon-comments/canon-comments-02.html	comment-190-191	190-191
191	canon-comments/canon-comments-02.html	comment-190-191	190-191
192	canon-comments/canon-comments-02.html	comment-192	192
193	canon-comments/canon-comments-02.html	comment-193	193
194	canon-comments/canon-comments-02.html	comment-194	194
195	canon-comments/canon-comments-02.html	comment-195	195
196	canon-comments/canon-comments-02.html	comment-196	196
197	canon-comments/canon-comments-02.html	comment-197	197
198	canon-comments/canon-comments-02.html	comment-198	198
199	canon-comments/canon-comments-02.html	comment-199	199
204	canon-comments/canon-comments-03.html	comment-204	204
205	canon-comments/canon-comments-03.html	comment-205	205
206	canon-comments/canon-comments-03.html	comment-206	206
207	canon-comments/canon-comments-03.html	comment-207	207
208	canon-comments/canon-comments-03.html	comment-208	208
210	canon-comments/canon-comments-03.html	comment-210	210
211	canon-comments/canon-comments-03.html	comment-211	211
212	canon-comments/canon-comments-03.html	comment-212	212
213	canon-comments/canon-comments-03.html	comment-213	213
214	canon-comments/canon-comments-03.html	comment-214	214
215	canon-comments/canon-comments-03.html	comment-215	215
216	canon-comments/canon-comments-03.html	comment-216	216
217	canon-comments/canon-comments-03.html	comment-217	217
218	canon-comments/canon-comments-03.html	comment-218	218
219	canon-comments/canon-comments-03.html	comment-219	219
220	canon-comments/canon-comments-03.html	comment-220	220
221	canon-comments/canon-comments-03.html	comment-221	221
222	canon-comments/canon-comments-03.html	comment-222	222
223	canon-comments/canon-comments-03.html	comment-223	223
224	canon-comments/canon-comments-03.html	comment-224	224
225	canon-comments/canon-comments-03.html	comment-225	225
226	canon-comments/canon-comments-03.html	comment-226	226
227	canon-comments/canon-comments-03.html	comment-227	227
228	canon-comments/canon-comments-03.html	comment-228	228
229	canon-comments/canon-comments-03.html	comment-229	229
230	canon-comments/canon-comments-03.html	comment-230	230
231	canon-comments/canon-comments-03.html	comment-231	231
232	canon-comments/canon-comments-03.html	comment-232	232
233	canon-comments/canon-comments-03.html	comment-233	233
234	canon-comments/canon-comments-03.html	comment-234	234
235	canon-comments/canon-comments-03.html	comment-235	235
236	canon-comments/canon-comments-03.html	comment-236	236
237	canon-comments/canon-comments-03.html	comment-237	237
238	canon-comments/canon-comments-03.html	comment-238	238
239	canon-comments/canon-comments-03.html	comment-239	239
240	canon-comments/canon-comments-03.html	comment-240	240
241	canon-comments/canon-comments-03.html	comment-241	241
242	canon-comments/canon-comments-03.html	comment-242-243	242-243
243	canon-comments/canon-comments-03.html	comment-242-243	242-243
244	canon-comments/canon-comments-03.html	comment-244-258	244-258
245	canon-comments/canon-comments-03.html	comment-244-258	244-258
246	canon-comments/canon-comments-03.html	comment-244-258	244-258
247	canon-comments/canon-comments-03.html	comment-244-258	244-258
248	canon-comments/canon-comments-03.html	comment-244-258	244-258
249	canon-comments/canon-comments-03.html	comment-244-258	244-258
250	canon-comments/canon-comments-03.html	comment-244-258	244-258
251	canon-comments/canon-comments-03.html	comment-244-258	244-258
252	canon-comments/canon-comments-03.html	comment-244-258	244-258
253	canon-comments/canon-comments-03.html	comment-244-258	244-258
254	canon-comments/canon-comments-03.html	comment-244-258	244-258
255	canon-comments/canon-comments-03.html	comment-244-258	244-258
256	canon-comments/canon-comments-03.html	comment-244-258	244-258
257	canon-comments/canon-comments-03.html	comment-244-258	244-258
258	canon-comments/canon-comments-03.html	comment-244-258	244-258
245	canon-comments/canon-comments-03.html	comment-245	245
247	canon-comments/canon-comments-03.html	comment-247	247
249	canon-comments/canon-comments-03.html	comment-249	249
250	canon-comments/canon-comments-03.html	comment-250	250
251	canon-comments/canon-comments-03.html	comment-251	251
252	canon-comments/canon-comments-03.html	comment-252	252
253	canon-comments/canon-comments-03.html	comment-253	253
257	canon-comments/canon-comments-03.html	comment-257	257
259	canon-comments/canon-comments-03.html	comment-259	259
260	canon-comments/canon-comments-03.html	comment-260-261	260-261
261	canon-comments/canon-comments-03.html	comment-260-261	260-261
262	canon-comments/canon-comments-03.html	comment-262	262
263	canon-comments/canon-comments-03.html	comment-263	263
264	canon-comments/canon-comments-03.html	comment-264	264
265	canon-comments/canon-comments-03.html	comment-265	265
266	canon-comments/canon-comments-03.html	comment-266	266
267	canon-comments/canon-comments-03.html	comment-267	267
268	canon-comments/canon-comments-03.html	comment-268	268
270	canon-comments/canon-comments-03.html	comment-270	270
271	canon-comments/canon-comments-03.html	comment-271	271
273	canon-comments/canon-comments-03.html	comment-273-274	273-274
274	canon-comments/canon-comments-03.html	comment-273-274	273-274
275	canon-comments/canon-comments-03.html	comment-275	275
276	canon-comments/canon-comments-03.html	comment-276	276
277	canon-comments/canon-comments-03.html	comment-277	277
278	canon-comments/canon-comments-03.html	comment-278	278
279	canon-comments/canon-comments-03.html	comment-279	279
281	canon-comments/canon-comments-03.html	comment-281	281
283	canon-comments/canon-comments-03.html	comment-283	283
284	canon-comments/canon-comments-03.html	comment-284	284
285	canon-comments/canon-comments-03.html	comment-285	285
286	canon-comments/canon-comments-03.html	comment-286	286
287	canon-comments/canon-comments-03.html	comment-287	287
290	canon-comments/canon-comments-03.html	comment-290	290
291	canon-comments/canon-comments-03.html	comment-291-292	291-292
292	canon-comments/canon-comments-03.html	comment-291-292	291-292
294	canon-comments/canon-comments-03.html	comment-294	294
295	canon-comments/canon-comments-03.html	comment-295	295
296	canon-comments/canon-comments-03.html	comment-296	296
297	canon-comments/canon-comments-03.html	comment-297	297
298	canon-comments/canon-comments-03.html	comment-298	298
299	canon-comments/canon-comments-03.html	comment-299	299
300	canon-comments/canon-comments-03.html	comment-300	300
301	canon-comments/canon-comments-04.html	comment-301	301
302	canon-comments/canon-comments-04.html	comment-302	302
303	canon-comments/canon-comments-04.html	comment-303	303
304	canon-comments/canon-comments-04.html	comment-304	304
305	canon-comments/canon-comments-04.html	comment-305	305
307	canon-comments/canon-comments-04.html	comment-307	307
308	canon-comments/canon-comments-04.html	comment-308	308
309	canon-comments/canon-comments-04.html	comment-309	309
310	canon-comments/canon-comments-04.html	comment-310	310
312	canon-comments/canon-comments-04.html	comment-312	312
313	canon-comments/canon-comments-04.html	comment-313-314	313-314
314	canon-comments/canon-comments-04.html	comment-313-314	313-314
314	canon-comments/canon-comments-04.html	comment-314	314
315	canon-comments/canon-comments-04.html	comment-315	315
316	canon-comments/canon-comments-04.html	comment-316	316
317	canon-comments/canon-comments-04.html	comment-317	317
318	canon-comments/canon-comments-04.html	comment-318	318
320	canon-comments/canon-comments-04.html	comment-320	320
321	canon-comments/canon-comments-04.html	comment-321	321
322	canon-comments/canon-comments-04.html	comment-322	322
323	canon-comments/canon-comments-04.html	comment-323	323
324	canon-comments/canon-comments-04.html	comment-324	324
325	canon-comments/canon-comments-04.html	comment-325	325
326	canon-comments/canon-comments-04.html	comment-326	326
327	canon-comments/canon-comments-04.html	comment-327	327
328	canon-comments/canon-comments-04.html	comment-328	328
329	canon-comments/canon-comments-04.html	comment-329	329
330	canon-comments/canon-comments-04.html	comment-330	330
331	canon-comments/canon-comments-04.html	comment-331	331
332	canon-comments/canon-comments-04.html	comment-332	332
333	canon-comments/canon-comments-04.html	comment-333	333
334	canon-comments/canon-comments-04.html	comment-334	334
335	canon-comments/canon-comments-04.html	comment-335	335
336	canon-comments/canon-comments-04.html	comment-336	336
337	canon-comments/canon-comments-04.html	comment-337	337
339	canon-comments/canon-comments-04.html	comment-339	339
341	canon-comments/canon-comments-04.html	comment-341	341
342	canon-comments/canon-comments-04.html	comment-342	342
343	canon-comments/canon-comments-04.html	comment-343	343
344	canon-comments/canon-comments-04.html	comment-344	344
345	canon-comments/canon-comments-04.html	comment-345	345
346	canon-comments/canon-comments-04.html	comment-346	346
347	canon-comments/canon-comments-04.html	comment-347	347
348	canon-comments/canon-comments-04.html	comment-348	348
349	canon-comments/canon-comments-04.html	comment-349	349
350	canon-comments/canon-comments-04.html	comment-350	350
351	canon-comments/canon-comments-04.html	comment-351	351
352	canon-comments/canon-comments-04.html	comment-352	352
353	canon-comments/canon-comments-04.html	comment-353	353
354	canon-comments/canon-comments-04.html	comment-354	354
355	canon-comments/canon-comments-04.html	comment-355	355
356	canon-comments/canon-comments-04.html	comment-356	356
357	canon-comments/canon-comments-04.html	comment-357	357
358	canon-comments/canon-comments-04.html	comment-358	358
359	canon-comments/canon-comments-04.html	comment-359	359
360	canon-comments/canon-comments-04.html	comment-360	360
361	canon-comments/canon-comments-04.html	comment-361	361
362	canon-comments/canon-comments-04.html	comment-362	362
363	canon-comments/canon-comments-04.html	comment-363	363
364	canon-comments/canon-comments-04.html	comment-364	364
365	canon-comments/canon-comments-04.html	comment-365	365
366	canon-comments/canon-comments-04.html	comment-366	366
367	canon-comments/canon-comments-04.html	comment-367	367
368	canon-comments/canon-comments-04.html	comment-368	368
369	canon-comments/canon-comments-04.html	comment-369	369
370	canon-comments/canon-comments-04.html	comment-370	370
371	canon-comments/canon-comments-04.html	comment-371	371
372	canon-comments/canon-comments-04.html	comment-372	372
373	canon-comments/canon-comments-04.html	comment-373	373
374	canon-comments/canon-comments-04.html	comment-374	374
375	canon-comments/canon-comments-04.html	comment-375	375
376	canon-comments/canon-comments-04.html	comment-376	376
377	canon-comments/canon-comments-04.html	comment-377	377
378	canon-comments/canon-comments-04.html	comment-378	378
380	canon-comments/canon-comments-04.html	comment-380	380
381	canon-comments/canon-comments-04.html	comment-381	381
382	canon-comments/canon-comments-04.html	comment-382	382
383	canon-comments/canon-comments-04.html	comment-383	383
384	canon-comments/canon-comments-04.html	comment-384	384
385	canon-comments/canon-comments-04.html	comment-385	385
386	canon-comments/canon-comments-04.html	comment-386	386
387	canon-comments/canon-comments-04.html	comment-387	387
388	canon-comments/canon-comments-04.html	comment-388	388
390	canon-comments/canon-comments-04.html	comment-390	390
391	canon-comments/canon-comments-04.html	comment-391	391
392	canon-comments/canon-comments-04.html	comment-392	392
393	canon-comments/canon-comments-04.html	comment-393	393
394	canon-comments/canon-comments-04.html	comment-394	394
395	canon-comments/canon-comments-04.html	comment-395	395
396	canon-comments/canon-comments-04.html	comment-396	396
397	canon-comments/canon-comments-04.html	comment-397	397
399	canon-comments/canon-comments-04.html	comment-399-400	399-400
400	canon-comments/canon-comments-04.html	comment-399-400	399-400
401	canon-comments/canon-comments-05.html	comment-401	401
402	canon-comments/canon-comments-05.html	comment-402	402
403	canon-comments/canon-comments-05.html	comment-403	403
406	canon-comments/canon-comments-05.html	comment-406	406
407	canon-comments/canon-comments-05.html	comment-407-408	407-408
408	canon-comments/canon-comments-05.html	comment-407-408	407-408
409	canon-comments/canon-comments-05.html	comment-409	409
410	canon-comments/canon-comments-05.html	comment-410	410
411	canon-comments/canon-comments-05.html	comment-411	411
412	canon-comments/canon-comments-05.html	comment-412	412
413	canon-comments/canon-comments-05.html	comment-413-414	413-414
414	canon-comments/canon-comments-05.html	comment-413-414	413-414
415	canon-comments/canon-comments-05.html	comment-415	415
416	canon-comments/canon-comments-05.html	comment-416-417	416-417
417	canon-comments/canon-comments-05.html	comment-416-417	416-417
418	canon-comments/canon-comments-05.html	comment-418	418
419	canon-comments/canon-comments-05.html	comment-419-420	419-420
420	canon-comments/canon-comments-05.html	comment-419-420	419-420
421	canon-comments/canon-comments-05.html	comment-421	421
423	canon-comments/canon-comments-05.html	comment-423-425	423-425
424	canon-comments/canon-comments-05.html	comment-423-425	423-425
425	canon-comments/canon-comments-05.html	comment-423-425	423-425
427	canon-comments/canon-comments-05.html	comment-427-429	427-429
428	canon-comments/canon-comments-05.html	comment-427-429	427-429
429	canon-comments/canon-comments-05.html	comment-427-429	427-429
431	canon-comments/canon-comments-05.html	comment-431-432	431-432
432	canon-comments/canon-comments-05.html	comment-431-432	431-432
433	canon-comments/canon-comments-05.html	comment-433-434	433-434
434	canon-comments/canon-comments-05.html	comment-433-434	433-434
435	canon-comments/canon-comments-05.html	comment-435-436	435-436
436	canon-comments/canon-comments-05.html	comment-435-436	435-436
436	canon-comments/canon-comments-05.html	comment-436	436
437	canon-comments/canon-comments-05.html	comment-437	437
438	canon-comments/canon-comments-05.html	comment-438	438
439	canon-comments/canon-comments-05.html	comment-439-440	439-440
440	canon-comments/canon-comments-05.html	comment-439-440	439-440
441	canon-comments/canon-comments-05.html	comment-441-442	441-442
442	canon-comments/canon-comments-05.html	comment-441-442	441-442
443	canon-comments/canon-comments-05.html	comment-443	443
445	canon-comments/canon-comments-05.html	comment-445	445
446	canon-comments/canon-comments-05.html	comment-446	446
447	canon-comments/canon-comments-05.html	comment-447	447
448	canon-comments/canon-comments-05.html	comment-448-449	448-449
449	canon-comments/canon-comments-05.html	comment-448-449	448-449
450	canon-comments/canon-comments-05.html	comment-450	450
451	canon-comments/canon-comments-05.html	comment-451-453	451-453
452	canon-comments/canon-comments-05.html	comment-451-453	451-453
453	canon-comments/canon-comments-05.html	comment-451-453	451-453
454	canon-comments/canon-comments-05.html	comment-454	454
455	canon-comments/canon-comments-05.html	comment-455	455
456	canon-comments/canon-comments-05.html	comment-456	456
459	canon-comments/canon-comments-05.html	comment-459	459
460	canon-comments/canon-comments-05.html	comment-460-462	460-462
461	canon-comments/canon-comments-05.html	comment-460-462	460-462
462	canon-comments/canon-comments-05.html	comment-460-462	460-462
463	canon-comments/canon-comments-05.html	comment-463-465	463-465
464	canon-comments/canon-comments-05.html	comment-463-465	463-465
465	canon-comments/canon-comments-05.html	comment-463-465	463-465
466	canon-comments/canon-comments-05.html	comment-466-468	466-468
467	canon-comments/canon-comments-05.html	comment-466-468	466-468
468	canon-comments/canon-comments-05.html	comment-466-468	466-468
469	canon-comments/canon-comments-05.html	comment-469	469
470	canon-comments/canon-comments-05.html	comment-470	470
473	canon-comments/canon-comments-05.html	comment-473-474	473-474
474	canon-comments/canon-comments-05.html	comment-473-474	473-474
475	canon-comments/canon-comments-05.html	comment-475-476	475-476
476	canon-comments/canon-comments-05.html	comment-475-476	475-476
477	canon-comments/canon-comments-05.html	comment-477	477
479	canon-comments/canon-comments-05.html	comment-479	479
480	canon-comments/canon-comments-05.html	comment-480	480
481	canon-comments/canon-comments-05.html	comment-481	481
482	canon-comments/canon-comments-05.html	comment-482-485	482-485
483	canon-comments/canon-comments-05.html	comment-482-485	482-485
484	canon-comments/canon-comments-05.html	comment-482-485	482-485
485	canon-comments/canon-comments-05.html	comment-482-485	482-485
486	canon-comments/canon-comments-05.html	comment-486-491	486-491
487	canon-comments/canon-comments-05.html	comment-486-491	486-491
488	canon-comments/canon-comments-05.html	comment-486-491	486-491
489	canon-comments/canon-comments-05.html	comment-486-491	486-491
490	canon-comments/canon-comments-05.html	comment-486-491	486-491
491	canon-comments/canon-comments-05.html	comment-486-491	486-491
492	canon-comments/canon-comments-05.html	comment-492-493	492-493
493	canon-comments/canon-comments-05.html	comment-492-493	492-493
494	canon-comments/canon-comments-05.html	comment-494	494
495	canon-comments/canon-comments-05.html	comment-495	495
496	canon-comments/canon-comments-05.html	comment-496	496
497	canon-comments/canon-comments-05.html	comment-497-499	497-499
498	canon-comments/canon-comments-05.html	comment-497-499	497-499
499	canon-comments/canon-comments-05.html	comment-497-499	497-499
500	canon-comments/canon-comments-05.html	comment-500	500
501	canon-comments/canon-comments-06.html	comment-501	501
502	canon-comments/canon-comments-06.html	comment-502	502
503	canon-comments/canon-comments-06.html	comment-503-507	503-507
504	canon-comments/canon-comments-06.html	comment-503-507	503-507
505	canon-comments/canon-comments-06.html	comment-503-507	503-507
506	canon-comments/canon-comments-06.html	comment-503-507	503-507
507	canon-comments/canon-comments-06.html	comment-503-507	503-507
508	canon-comments/canon-comments-06.html	comment-508	508
509	canon-comments/canon-comments-06.html	comment-509	509
510	canon-comments/canon-comments-06.html	comment-510	510
511	canon-comments/canon-comments-06.html	comment-511	511
512	canon-comments/canon-comments-06.html	comment-512	512
513	canon-comments/canon-comments-06.html	comment-513	513
514	canon-comments/canon-comments-06.html	comment-514	514
515	canon-comments/canon-comments-06.html	comment-515	515
516	canon-comments/canon-comments-06.html	comment-516	516
517	canon-comments/canon-comments-06.html	comment-517	517
518	canon-comments/canon-comments-06.html	comment-518	518
519	canon-comments/canon-comments-06.html	comment-519	519
520	canon-comments/canon-comments-06.html	comment-520	520
521	canon-comments/canon-comments-06.html	comment-521	521
522	canon-comments/canon-comments-06.html	comment-522	522
523	canon-comments/canon-comments-06.html	comment-523	523
524	canon-comments/canon-comments-06.html	comment-524	524
525	canon-comments/canon-comments-06.html	comment-525	525
526	canon-comments/canon-comments-06.html	comment-526	526
527	canon-comments/canon-comments-06.html	comment-527	527
528	canon-comments/canon-comments-06.html	comment-528-534	528-534
529	canon-comments/canon-comments-06.html	comment-528-534	528-534
530	canon-comments/canon-comments-06.html	comment-528-534	528-534
531	canon-comments/canon-comments-06.html	comment-528-534	528-534
532	canon-comments/canon-comments-06.html	comment-528-534	528-534
533	canon-comments/canon-comments-06.html	comment-528-534	528-534
534	canon-comments/canon-comments-06.html	comment-528-534	528-534
528	canon-comments/canon-comments-06.html	comment-528	528
529	canon-comments/canon-comments-06.html	comment-529	529
530	canon-comments/canon-comments-06.html	comment-530	530
531	canon-comments/canon-comments-06.html	comment-531	531
532	canon-comments/canon-comments-06.html	comment-532	532
533	canon-comments/canon-comments-06.html	comment-533	533
534	canon-comments/canon-comments-06.html	comment-534	534
535	canon-comments/canon-comments-06.html	comment-535	535
536	canon-comments/canon-comments-06.html	comment-536	536
537	canon-comments/canon-comments-06.html	comment-537	537
538	canon-comments/canon-comments-06.html	comment-538	538
539	canon-comments/canon-comments-06.html	comment-539-541	539-541
540	canon-comments/canon-comments-06.html	comment-539-541	539-541
541	canon-comments/canon-comments-06.html	comment-539-541	539-541
542	canon-comments/canon-comments-06.html	comment-542-544	542-544
543	canon-comments/canon-comments-06.html	comment-542-544	542-544
544	canon-comments/canon-comments-06.html	comment-542-544	542-544
545	canon-comments/canon-comments-06.html	comment-545-552	545-552
546	canon-comments/canon-comments-06.html	comment-545-552	545-552
547	canon-comments/canon-comments-06.html	comment-545-552	545-552
548	canon-comments/canon-comments-06.html	comment-545-552	545-552
549	canon-comments/canon-comments-06.html	comment-545-552	545-552
550	canon-comments/canon-comments-06.html	comment-545-552	545-552
551	canon-comments/canon-comments-06.html	comment-545-552	545-552
552	canon-comments/canon-comments-06.html	comment-545-552	545-552
556	canon-comments/canon-comments-06.html	comment-556-563	556-563
557	canon-comments/canon-comments-06.html	comment-556-563	556-563
558	canon-comments/canon-comments-06.html	comment-556-563	556-563
559	canon-comments/canon-comments-06.html	comment-556-563	556-563
560	canon-comments/canon-comments-06.html	comment-556-563	556-563
561	canon-comments/canon-comments-06.html	comment-556-563	556-563
562	canon-comments/canon-comments-06.html	comment-556-563	556-563
563	canon-comments/canon-comments-06.html	comment-556-563	556-563
564	canon-comments/canon-comments-06.html	comment-564-572	564-572
565	canon-comments/canon-comments-06.html	comment-564-572	564-572
566	canon-comments/canon-comments-06.html	comment-564-572	564-572
567	canon-comments/canon-comments-06.html	comment-564-572	564-572
568	canon-comments/canon-comments-06.html	comment-564-572	564-572
569	canon-comments/canon-comments-06.html	comment-564-572	564-572
570	canon-comments/canon-comments-06.html	comment-564-572	564-572
571	canon-comments/canon-comments-06.html	comment-564-572	564-572
572	canon-comments/canon-comments-06.html	comment-564-572	564-572
573	canon-comments/canon-comments-06.html	comment-573	573
574	canon-comments/canon-comments-06.html	comment-574-575	574-575
575	canon-comments/canon-comments-06.html	comment-574-575	574-575
576	canon-comments/canon-comments-06.html	comment-576	576
577	canon-comments/canon-comments-06.html	comment-577	577
578	canon-comments/canon-comments-06.html	comment-578	578
579	canon-comments/canon-comments-06.html	comment-579	579
580	canon-comments/canon-comments-06.html	comment-580	580
581	canon-comments/canon-comments-06.html	comment-581	581
582	canon-comments/canon-comments-06.html	comment-582-585	582-585
583	canon-comments/canon-comments-06.html	comment-582-585	582-585
584	canon-comments/canon-comments-06.html	comment-582-585	582-585
585	canon-comments/canon-comments-06.html	comment-582-585	582-585
586	canon-comments/canon-comments-06.html	comment-586	586
587	canon-comments/canon-comments-06.html	comment-587	587
588	canon-comments/canon-comments-06.html	comment-588	588
589	canon-comments/canon-comments-06.html	comment-589-596	589-596
590	canon-comments/canon-comments-06.html	comment-589-596	589-596
591	canon-comments/canon-comments-06.html	comment-589-596	589-596
592	canon-comments/canon-comments-06.html	comment-589-596	589-596
593	canon-comments/canon-comments-06.html	comment-589-596	589-596
594	canon-comments/canon-comments-06.html	comment-589-596	589-596
595	canon-comments/canon-comments-06.html	comment-589-596	589-596
596	canon-comments/canon-comments-06.html	comment-589-596	589-596
591	canon-comments/canon-comments-06.html	comment-591	591
596	canon-comments/canon-comments-06.html	comment-596	596
598	canon-comments/canon-comments-06.html	comment-598-602	598-602
599	canon-comments/canon-comments-06.html	comment-598-602	598-602
600	canon-comments/canon-comments-06.html	comment-598-602	598-602
601	canon-comments/canon-comments-06.html	comment-598-602	598-602
602	canon-comments/canon-comments-06.html	comment-598-602	598-602
599	canon-comments/canon-comments-06.html	comment-599	599
600	canon-comments/canon-comments-06.html	comment-600	600
603	canon-comments/canon-comments-07.html	comment-603-604	603-604
604	canon-comments/canon-comments-07.html	comment-603-604	603-604
605	canon-comments/canon-comments-07.html	comment-605	605
607	canon-comments/canon-comments-07.html	comment-607	607
608	canon-comments/canon-comments-07.html	comment-608	608
609	canon-comments/canon-comments-07.html	comment-609-616	609-616
610	canon-comments/canon-comments-07.html	comment-609-616	609-616
611	canon-comments/canon-comments-07.html	comment-609-616	609-616
612	canon-comments/canon-comments-07.html	comment-609-616	609-616
613	canon-comments/canon-comments-07.html	comment-609-616	609-616
614	canon-comments/canon-comments-07.html	comment-609-616	609-616
615	canon-comments/canon-comments-07.html	comment-609-616	609-616
616	canon-comments/canon-comments-07.html	comment-609-616	609-616
613	canon-comments/canon-comments-07.html	comment-613	613
617	canon-comments/canon-comments-07.html	comment-617	617
618	canon-comments/canon-comments-07.html	comment-618	618
620	canon-comments/canon-comments-07.html	comment-620-622	620-622
621	canon-comments/canon-comments-07.html	comment-620-622	620-622
622	canon-comments/canon-comments-07.html	comment-620-622	620-622
623	canon-comments/canon-comments-07.html	comment-623	623
624	canon-comments/canon-comments-07.html	comment-624	624
625	canon-comments/canon-comments-07.html	comment-625-626	625-626
626	canon-comments/canon-comments-07.html	comment-625-626	625-626
627	canon-comments/canon-comments-07.html	comment-627	627
630	canon-comments/canon-comments-07.html	comment-630	630
631	canon-comments/canon-comments-07.html	comment-631-633	631-633
632	canon-comments/canon-comments-07.html	comment-631-633	631-633
633	canon-comments/canon-comments-07.html	comment-631-633	631-633
634	canon-comments/canon-comments-07.html	comment-634	634
635	canon-comments/canon-comments-07.html	comment-635	635
636	canon-comments/canon-comments-07.html	comment-636	636
638	canon-comments/canon-comments-07.html	comment-638	638
639	canon-comments/canon-comments-07.html	comment-639	639
641	canon-comments/canon-comments-07.html	comment-641	641
642	canon-comments/canon-comments-07.html	comment-642	642
643	canon-comments/canon-comments-07.html	comment-643-645	643-645
644	canon-comments/canon-comments-07.html	comment-643-645	643-645
645	canon-comments/canon-comments-07.html	comment-643-645	643-645
646	canon-comments/canon-comments-07.html	comment-646	646
647	canon-comments/canon-comments-07.html	comment-647-649	647-649
648	canon-comments/canon-comments-07.html	comment-647-649	647-649
649	canon-comments/canon-comments-07.html	comment-647-649	647-649
650	canon-comments/canon-comments-07.html	comment-650-653	650-653
651	canon-comments/canon-comments-07.html	comment-650-653	650-653
652	canon-comments/canon-comments-07.html	comment-650-653	650-653
653	canon-comments/canon-comments-07.html	comment-650-653	650-653
654	canon-comments/canon-comments-07.html	comment-654-658	654-658
655	canon-comments/canon-comments-07.html	comment-654-658	654-658
656	canon-comments/canon-comments-07.html	comment-654-658	654-658
657	canon-comments/canon-comments-07.html	comment-654-658	654-658
658	canon-comments/canon-comments-07.html	comment-654-658	654-658
659	canon-comments/canon-comments-07.html	comment-659-661	659-661
660	canon-comments/canon-comments-07.html	comment-659-661	659-661
661	canon-comments/canon-comments-07.html	comment-659-661	659-661
665	canon-comments/canon-comments-07.html	comment-665	665
667	canon-comments/canon-comments-07.html	comment-667	667
668	canon-comments/canon-comments-07.html	comment-668	668
669	canon-comments/canon-comments-07.html	comment-669	669
670	canon-comments/canon-comments-07.html	comment-670	670
672	canon-comments/canon-comments-07.html	comment-672	672
673	canon-comments/canon-comments-07.html	comment-673-677	673-677
674	canon-comments/canon-comments-07.html	comment-673-677	673-677
675	canon-comments/canon-comments-07.html	comment-673-677	673-677
676	canon-comments/canon-comments-07.html	comment-673-677	673-677
677	canon-comments/canon-comments-07.html	comment-673-677	673-677
678	canon-comments/canon-comments-07.html	comment-678-680	678-680
679	canon-comments/canon-comments-07.html	comment-678-680	678-680
680	canon-comments/canon-comments-07.html	comment-678-680	678-680
681	canon-comments/canon-comments-07.html	comment-681-682	681-682
682	canon-comments/canon-comments-07.html	comment-681-682	681-682
683	canon-comments/canon-comments-07.html	comment-683	683
684	canon-comments/canon-comments-07.html	comment-684-685	684-685
685	canon-comments/canon-comments-07.html	comment-684-685	684-685
686	canon-comments/canon-comments-07.html	comment-686	686
687	canon-comments/canon-comments-07.html	comment-687	687
688	canon-comments/canon-comments-07.html	comment-688	688
689	canon-comments/canon-comments-07.html	comment-689	689
691	canon-comments/canon-comments-07.html	comment-691-692	691-692
692	canon-comments/canon-comments-07.html	comment-691-692	691-692
693	canon-comments/canon-comments-07.html	comment-693	693
695	canon-comments/canon-comments-07.html	comment-695-700	695-700
696	canon-comments/canon-comments-07.html	comment-695-700	695-700
697	canon-comments/canon-comments-07.html	comment-695-700	695-700
698	canon-comments/canon-comments-07.html	comment-695-700	695-700
699	canon-comments/canon-comments-07.html	comment-695-700	695-700
700	canon-comments/canon-comments-07.html	comment-695-700	695-700
705	canon-comments/canon-comments-08.html	comment-705-707	705-707
706	canon-comments/canon-comments-08.html	comment-705-707	705-707
707	canon-comments/canon-comments-08.html	comment-705-707	705-707
708	canon-comments/canon-comments-08.html	comment-708-709	708-709
709	canon-comments/canon-comments-08.html	comment-708-709	708-709
710	canon-comments/canon-comments-08.html	comment-710	710
711	canon-comments/canon-comments-08.html	comment-711	711
712	canon-comments/canon-comments-08.html	comment-712	712
714	canon-comments/canon-comments-08.html	comment-714	714
715	canon-comments/canon-comments-08.html	comment-715	715
721	canon-comments/canon-comments-08.html	comment-721-722	721-722
722	canon-comments/canon-comments-08.html	comment-721-722	721-722
723	canon-comments/canon-comments-08.html	comment-723	723
726	canon-comments/canon-comments-08.html	comment-726-730	726-730
727	canon-comments/canon-comments-08.html	comment-726-730	726-730
728	canon-comments/canon-comments-08.html	comment-726-730	726-730
729	canon-comments/canon-comments-08.html	comment-726-730	726-730
730	canon-comments/canon-comments-08.html	comment-726-730	726-730
731	canon-comments/canon-comments-08.html	comment-731-732	731-732
732	canon-comments/canon-comments-08.html	comment-731-732	731-732
736	canon-comments/canon-comments-08.html	comment-736-738	736-738
737	canon-comments/canon-comments-08.html	comment-736-738	736-738
738	canon-comments/canon-comments-08.html	comment-736-738	736-738
747	canon-comments/canon-comments-08.html	comment-747	747
748	canon-comments/canon-comments-08.html	comment-748	748
749	canon-comments/canon-comments-08.html	comment-749	749
750	canon-comments/canon-comments-08.html	comment-750	750
751	canon-comments/canon-comments-08.html	comment-751	751
752	canon-comments/canon-comments-08.html	comment-752	752
753	canon-comments/canon-comments-08.html	comment-753	753
754	canon-comments/canon-comments-08.html	comment-754	754
755	canon-comments/canon-comments-08.html	comment-755	755
756	canon-comments/canon-comments-08.html	comment-756	756
758	canon-comments/canon-comments-08.html	comment-758	758
759	canon-comments/canon-comments-08.html	comment-759	759
760	canon-comments/canon-comments-08.html	comment-760	760
761	canon-comments/canon-comments-08.html	comment-761	761
762	canon-comments/canon-comments-08.html	comment-762	762
763	canon-comments/canon-comments-08.html	comment-763	763
764	canon-comments/canon-comments-08.html	comment-764	764
765	canon-comments/canon-comments-08.html	comment-765	765
766	canon-comments/canon-comments-08.html	comment-766	766
767	canon-comments/canon-comments-08.html	comment-767	767
768	canon-comments/canon-comments-08.html	comment-768	768
769	canon-comments/canon-comments-08.html	comment-769	769
770	canon-comments/canon-comments-08.html	comment-770	770
773	canon-comments/canon-comments-08.html	comment-773	773
774	canon-comments/canon-comments-08.html	comment-774-775	774-775
775	canon-comments/canon-comments-08.html	comment-774-775	774-775
776	canon-comments/canon-comments-08.html	comment-776	776
777	canon-comments/canon-comments-08.html	comment-777	777
778	canon-comments/canon-comments-08.html	comment-778	778
780	canon-comments/canon-comments-08.html	comment-780	780
781	canon-comments/canon-comments-08.html	comment-781	781
782	canon-comments/canon-comments-08.html	comment-782	782
783	canon-comments/canon-comments-08.html	comment-783-784	783-784
784	canon-comments/canon-comments-08.html	comment-783-784	783-784
785	canon-comments/canon-comments-08.html	comment-785	785
786	canon-comments/canon-comments-08.html	comment-786	786
787	canon-comments/canon-comments-08.html	comment-787	787
788	canon-comments/canon-comments-08.html	comment-788	788
789	canon-comments/canon-comments-08.html	comment-789	789
790	canon-comments/canon-comments-08.html	comment-790	790
791	canon-comments/canon-comments-08.html	comment-791	791
792	canon-comments/canon-comments-08.html	comment-792	792
793	canon-comments/canon-comments-08.html	comment-793	793
794	canon-comments/canon-comments-08.html	comment-794-795	794-795
795	canon-comments/canon-comments-08.html	comment-794-795	794-795
796	canon-comments/canon-comments-08.html	comment-796	796
797	canon-comments/canon-comments-08.html	comment-797	797
798	canon-comments/canon-comments-08.html	comment-798	798
799	canon-comments/canon-comments-08.html	comment-799	799
800	canon-comments/canon-comments-08.html	comment-800	800
801	canon-comments/canon-comments-09.html	comment-801	801
802	canon-comments/canon-comments-09.html	comment-802	802
803	canon-comments/canon-comments-09.html	comment-803	803
804	canon-comments/canon-comments-09.html	comment-804	804
805	canon-comments/canon-comments-09.html	comment-805	805
806	canon-comments/canon-comments-09.html	comment-806	806
807	canon-comments/canon-comments-09.html	comment-807	807
808	canon-comments/canon-comments-09.html	comment-808	808
809	canon-comments/canon-comments-09.html	comment-809	809
810	canon-comments/canon-comments-09.html	comment-810	810
811	canon-comments/canon-comments-09.html	comment-811	811
812	canon-comments/canon-comments-09.html	comment-812	812
813	canon-comments/canon-comments-09.html	comment-813	813
814	canon-comments/canon-comments-09.html	comment-814	814
815	canon-comments/canon-comments-09.html	comment-815	815
816	canon-comments/canon-comments-09.html	comment-816	816
817	canon-comments/canon-comments-09.html	comment-817	817
819	canon-comments/canon-comments-09.html	comment-819	819
820	canon-comments/canon-comments-09.html	comment-820	820
821	canon-comments/canon-comments-09.html	comment-821	821
822	canon-comments/canon-comments-09.html	comment-822	822
823	canon-comments/canon-comments-09.html	comment-823	823
824	canon-comments/canon-comments-09.html	comment-824	824
825	canon-comments/canon-comments-09.html	comment-825	825
826	canon-comments/canon-comments-09.html	comment-826	826
827	canon-comments/canon-comments-09.html	comment-827	827
828	canon-comments/canon-comments-09.html	comment-828	828
829	canon-comments/canon-comments-09.html	comment-829	829
830	canon-comments/canon-comments-09.html	comment-830	830
831	canon-comments/canon-comments-09.html	comment-831	831
832	canon-comments/canon-comments-09.html	comment-832	832
833	canon-comments/canon-comments-09.html	comment-833	833
834	canon-comments/canon-comments-09.html	comment-834	834
835	canon-comments/canon-comments-09.html	comment-835	835
836	canon-comments/canon-comments-09.html	comment-836	836
837	canon-comments/canon-comments-09.html	comment-837	837
838	canon-comments/canon-comments-09.html	comment-838	838
839	canon-comments/canon-comments-09.html	comment-839	839
840	canon-comments/canon-comments-09.html	comment-840	840
841	canon-comments/canon-comments-09.html	comment-841	841
842	canon-comments/canon-comments-09.html	comment-842	842
843	canon-comments/canon-comments-09.html	comment-843	843
844	canon-comments/canon-comments-09.html	comment-844	844
845	canon-comments/canon-comments-09.html	comment-845	845
846	canon-comments/canon-comments-09.html	comment-846	846
849	canon-comments/canon-comments-09.html	comment-849	849
851	canon-comments/canon-comments-09.html	comment-851	851
853	canon-comments/canon-comments-09.html	comment-853-854	853-854
854	canon-comments/canon-comments-09.html	comment-853-854	853-854
856	canon-comments/canon-comments-09.html	comment-856	856
857	canon-comments/canon-comments-09.html	comment-857-860	857-860
858	canon-comments/canon-comments-09.html	comment-857-860	857-860
859	canon-comments/canon-comments-09.html	comment-857-860	857-860
860	canon-comments/canon-comments-09.html	comment-857-860	857-860
861	canon-comments/canon-comments-09.html	comment-861-863	861-863
862	canon-comments/canon-comments-09.html	comment-861-863	861-863
863	canon-comments/canon-comments-09.html	comment-861-863	861-863
864	canon-comments/canon-comments-09.html	comment-864	864
865	canon-comments/canon-comments-09.html	comment-865	865
866	canon-comments/canon-comments-09.html	comment-866	866
867	canon-comments/canon-comments-09.html	comment-867	867
868	canon-comments/canon-comments-09.html	comment-868	868
869	canon-comments/canon-comments-09.html	comment-869	869
871	canon-comments/canon-comments-09.html	comment-871	871
872	canon-comments/canon-comments-09.html	comment-872-874	872-874
873	canon-comments/canon-comments-09.html	comment-872-874	872-874
874	canon-comments/canon-comments-09.html	comment-872-874	872-874
875	canon-comments/canon-comments-09.html	comment-875-878	875-878
876	canon-comments/canon-comments-09.html	comment-875-878	875-878
877	canon-comments/canon-comments-09.html	comment-875-878	875-878
878	canon-comments/canon-comments-09.html	comment-875-878	875-878
879	canon-comments/canon-comments-09.html	comment-879	879
880	canon-comments/canon-comments-09.html	comment-880	880
882	canon-comments/canon-comments-09.html	comment-882	882
883	canon-comments/canon-comments-09.html	comment-883	883
884	canon-comments/canon-comments-09.html	comment-884	884
885	canon-comments/canon-comments-09.html	comment-885	885
886	canon-comments/canon-comments-09.html	comment-886-887	886-887
887	canon-comments/canon-comments-09.html	comment-886-887	886-887
892	canon-comments/canon-comments-09.html	comment-892-893	892-893
893	canon-comments/canon-comments-09.html	comment-892-893	892-893
894	canon-comments/canon-comments-09.html	comment-894-896	894-896
895	canon-comments/canon-comments-09.html	comment-894-896	894-896
896	canon-comments/canon-comments-09.html	comment-894-896	894-896
898	canon-comments/canon-comments-09.html	comment-898	898
899	canon-comments/canon-comments-09.html	comment-899	899
900	canon-comments/canon-comments-09.html	comment-900	900
901	canon-comments/canon-comments-10.html	comment-901	901
902	canon-comments/canon-comments-10.html	comment-902	902
904	canon-comments/canon-comments-10.html	comment-904	904
905	canon-comments/canon-comments-10.html	comment-905	905
906	canon-comments/canon-comments-10.html	comment-906	906
907	canon-comments/canon-comments-10.html	comment-907	907
908	canon-comments/canon-comments-10.html	comment-908	908
910	canon-comments/canon-comments-10.html	comment-910	910
911	canon-comments/canon-comments-10.html	comment-911	911
912	canon-comments/canon-comments-10.html	comment-912	912
913	canon-comments/canon-comments-10.html	comment-913	913
914	canon-comments/canon-comments-10.html	comment-914	914
915	canon-comments/canon-comments-10.html	comment-915	915
916	canon-comments/canon-comments-10.html	comment-916	916
917	canon-comments/canon-comments-10.html	comment-917	917
918	canon-comments/canon-comments-10.html	comment-918	918
919	canon-comments/canon-comments-10.html	comment-919	919
920	canon-comments/canon-comments-10.html	comment-920	920
921	canon-comments/canon-comments-10.html	comment-921	921
922	canon-comments/canon-comments-10.html	comment-922	922
923	canon-comments/canon-comments-10.html	comment-923	923
924	canon-comments/canon-comments-10.html	comment-924	924
925	canon-comments/canon-comments-10.html	comment-925	925
927	canon-comments/canon-comments-10.html	comment-927	927
928	canon-comments/canon-comments-10.html	comment-928	928
929	canon-comments/canon-comments-10.html	comment-929	929
931	canon-comments/canon-comments-10.html	comment-931	931
932	canon-comments/canon-comments-10.html	comment-932	932
933	canon-comments/canon-comments-10.html	comment-933	933
934	canon-comments/canon-comments-10.html	comment-934-940	934-940
935	canon-comments/canon-comments-10.html	comment-934-940	934-940
936	canon-comments/canon-comments-10.html	comment-934-940	934-940
937	canon-comments/canon-comments-10.html	comment-934-940	934-940
938	canon-comments/canon-comments-10.html	comment-934-940	934-940
939	canon-comments/canon-comments-10.html	comment-934-940	934-940
940	canon-comments/canon-comments-10.html	comment-934-940	934-940
941	canon-comments/canon-comments-10.html	comment-941-944	941-944
942	canon-comments/canon-comments-10.html	comment-941-944	941-944
943	canon-comments/canon-comments-10.html	comment-941-944	941-944
944	canon-comments/canon-comments-10.html	comment-941-944	941-944
945	canon-comments/canon-comments-10.html	comment-945-947	945-947
946	canon-comments/canon-comments-10.html	comment-945-947	945-947
947	canon-comments/canon-comments-10.html	comment-945-947	945-947
948	canon-comments/canon-comments-10.html	comment-948-949	948-949
949	canon-comments/canon-comments-10.html	comment-948-949	948-949
950	canon-comments/canon-comments-10.html	comment-950	950
951	canon-comments/canon-comments-10.html	comment-951	951
953	canon-comments/canon-comments-10.html	comment-953	953
955	canon-comments/canon-comments-10.html	comment-955	955
956	canon-comments/canon-comments-10.html	comment-956	956
957	canon-comments/canon-comments-10.html	comment-957-958	957-958
958	canon-comments/canon-comments-10.html	comment-957-958	957-958
959	canon-comments/canon-comments-10.html	comment-959	959
960	canon-comments/canon-comments-10.html	comment-960	960
961	canon-comments/canon-comments-10.html	comment-961	961
962	canon-comments/canon-comments-10.html	comment-962	962
963	canon-comments/canon-comments-10.html	comment-963	963
964	canon-comments/canon-comments-10.html	comment-964	964
965	canon-comments/canon-comments-10.html	comment-965-966	965-966
966	canon-comments/canon-comments-10.html	comment-965-966	965-966
967	canon-comments/canon-comments-10.html	comment-967-969	967-969
968	canon-comments/canon-comments-10.html	comment-967-969	967-969
969	canon-comments/canon-comments-10.html	comment-967-969	967-969
970	canon-comments/canon-comments-10.html	comment-970-973	970-973
971	canon-comments/canon-comments-10.html	comment-970-973	970-973
972	canon-comments/canon-comments-10.html	comment-970-973	970-973
973	canon-comments/canon-comments-10.html	comment-970-973	970-973
974	canon-comments/canon-comments-10.html	comment-974	974
975	canon-comments/canon-comments-10.html	comment-975	975
976	canon-comments/canon-comments-10.html	comment-976	976
977	canon-comments/canon-comments-10.html	comment-977	977
978	canon-comments/canon-comments-10.html	comment-978	978
979	canon-comments/canon-comments-10.html	comment-979	979
981	canon-comments/canon-comments-10.html	comment-981	981
982	canon-comments/canon-comments-10.html	comment-982	982
983	canon-comments/canon-comments-10.html	comment-983	983
984	canon-comments/canon-comments-10.html	comment-984	984
984	canon-comments/canon-comments-10.html	comment-984	984
986	canon-comments/canon-comments-10.html	comment-986	986
987	canon-comments/canon-comments-10.html	comment-987-988	987-988
988	canon-comments/canon-comments-10.html	comment-987-988	987-988
989	canon-comments/canon-comments-10.html	comment-989	989
991	canon-comments/canon-comments-10.html	comment-991	991
998	canon-comments/canon-comments-10.html	comment-998	998
999	canon-comments/canon-comments-10.html	comment-999	999
1000	canon-comments/canon-comments-10.html	comment-1000	1000
1001	canon-comments/canon-comments-11.html	comment-1001	1001
1002	canon-comments/canon-comments-11.html	comment-1002	1002
1003	canon-comments/canon-comments-11.html	comment-1003	1003
1004	canon-comments/canon-comments-11.html	comment-1004	1004
1005	canon-comments/canon-comments-11.html	comment-1005	1005
1006	canon-comments/canon-comments-11.html	comment-1006	1006
1007	canon-comments/canon-comments-11.html	comment-1007	1007
1008	canon-comments/canon-comments-11.html	comment-1008	1008
1009	canon-comments/canon-comments-11.html	comment-1009	1009
1010	canon-comments/canon-comments-11.html	comment-1010-1011	1010-1011
1011	canon-comments/canon-comments-11.html	comment-1010-1011	1010-1011
1012	canon-comments/canon-comments-11.html	comment-1012	1012
1013	canon-comments/canon-comments-11.html	comment-1013	1013
1014	canon-comments/canon-comments-11.html	comment-1014	1014
1015	canon-comments/canon-comments-11.html	comment-1015	1015
1016	canon-comments/canon-comments-11.html	comment-1016	1016
1017	canon-comments/canon-comments-11.html	comment-1017	1017
1018	canon-comments/canon-comments-11.html	comment-1018	1018
1019	canon-comments/canon-comments-11.html	comment-1019	1019
1020	canon-comments/canon-comments-11.html	comment-1020	1020
1021	canon-comments/canon-comments-11.html	comment-1021	1021
1022	canon-comments/canon-comments-11.html	comment-1022	1022
1023	canon-comments/canon-comments-11.html	comment-1023	1023
1024	canon-comments/canon-comments-11.html	comment-1024	1024
1025	canon-comments/canon-comments-11.html	comment-1025	1025
1026	canon-comments/canon-comments-11.html	comment-1026	1026
1027	canon-comments/canon-comments-11.html	comment-1027	1027
1028	canon-comments/canon-comments-11.html	comment-1028	1028
1029	canon-comments/canon-comments-11.html	comment-1029	1029
1030	canon-comments/canon-comments-11.html	comment-1030	1030
1031	canon-comments/canon-comments-11.html	comment-1031	1031
1032	canon-comments/canon-comments-11.html	comment-1032	1032
1034	canon-comments/canon-comments-11.html	comment-1034-1035	1034-1035
1035	canon-comments/canon-comments-11.html	comment-1034-1035	1034-1035
1036	canon-comments/canon-comments-11.html	comment-1036	1036
1037	canon-comments/canon-comments-11.html	comment-1037	1037
1038	canon-comments/canon-comments-11.html	comment-1038	1038
1039	canon-comments/canon-comments-11.html	comment-1039	1039
1040	canon-comments/canon-comments-11.html	comment-1040	1040
1041	canon-comments/canon-comments-11.html	comment-1041	1041
1042	canon-comments/canon-comments-11.html	comment-1042	1042
1043	canon-comments/canon-comments-11.html	comment-1043	1043
1044	canon-comments/canon-comments-11.html	comment-1044	1044
1045	canon-comments/canon-comments-11.html	comment-1045	1045
1046	canon-comments/canon-comments-11.html	comment-1046	1046
1047	canon-comments/canon-comments-11.html	comment-1047	1047
1048	canon-comments/canon-comments-11.html	comment-1048	1048
1049	canon-comments/canon-comments-11.html	comment-1049	1049
1050	canon-comments/canon-comments-11.html	comment-1050	1050
1051	canon-comments/canon-comments-11.html	comment-1051	1051
1052	canon-comments/canon-comments-11.html	comment-1052	1052
1053	canon-comments/canon-comments-11.html	comment-1053	1053
1054	canon-comments/canon-comments-11.html	comment-1054	1054
1055	canon-comments/canon-comments-11.html	comment-1055	1055
1056	canon-comments/canon-comments-11.html	comment-1056	1056
1057	canon-comments/canon-comments-11.html	comment-1057	1057
1058	canon-comments/canon-comments-11.html	comment-1058	1058
1059	canon-comments/canon-comments-11.html	comment-1059	1059
1060	canon-comments/canon-comments-11.html	comment-1060	1060
1061	canon-comments/canon-comments-11.html	comment-1061	1061
1062	canon-comments/canon-comments-11.html	comment-1062	1062
1063	canon-comments/canon-comments-11.html	comment-1063-1065	1063-1065
1064	canon-comments/canon-comments-11.html	comment-1063-1065	1063-1065
1065	canon-comments/canon-comments-11.html	comment-1063-1065	1063-1065
1066	canon-comments/canon-comments-11.html	comment-1066-1072	1066-1072
1067	canon-comments/canon-comments-11.html	comment-1066-1072	1066-1072
1068	canon-comments/canon-comments-11.html	comment-1066-1072	1066-1072
1069	canon-comments/canon-comments-11.html	comment-1066-1072	1066-1072
1070	canon-comments/canon-comments-11.html	comment-1066-1072	1066-1072
1071	canon-comments/canon-comments-11.html	comment-1066-1072	1066-1072
1072	canon-comments/canon-comments-11.html	comment-1066-1072	1066-1072
1068	canon-comments/canon-comments-11.html	comment-1068	1068
1071	canon-comments/canon-comments-11.html	comment-1071	1071
1073	canon-comments/canon-comments-11.html	comment-1073	1073
1074	canon-comments/canon-comments-11.html	comment-1074	1074
1075	canon-comments/canon-comments-11.html	comment-1075	1075
1076	canon-comments/canon-comments-11.html	comment-1076	1076
1077	canon-comments/canon-comments-11.html	comment-1077	1077
1078	canon-comments/canon-comments-11.html	comment-1078	1078
1079	canon-comments/canon-comments-11.html	comment-1079	1079
1080	canon-comments/canon-comments-11.html	comment-1080	1080
1081	canon-comments/canon-comments-11.html	comment-1081	1081
1082	canon-comments/canon-comments-11.html	comment-1082	1082
1083	canon-comments/canon-comments-11.html	comment-1083	1083
1084	canon-comments/canon-comments-11.html	comment-1084	1084
1085	canon-comments/canon-comments-11.html	comment-1085	1085
1086	canon-comments/canon-comments-11.html	comment-1086	1086
1087	canon-comments/canon-comments-11.html	comment-1087	1087
1088	canon-comments/canon-comments-11.html	comment-1088	1088
1089	canon-comments/canon-comments-11.html	comment-1089	1089
1090	canon-comments/canon-comments-11.html	comment-1090	1090
1091	canon-comments/canon-comments-11.html	comment-1091-1094	1091-1094
1092	canon-comments/canon-comments-11.html	comment-1091-1094	1091-1094
1093	canon-comments/canon-comments-11.html	comment-1091-1094	1091-1094
1094	canon-comments/canon-comments-11.html	comment-1091-1094	1091-1094
1091	canon-comments/canon-comments-11.html	comment-1091	1091
1092	canon-comments/canon-comments-11.html	comment-1092	1092
1093	canon-comments/canon-comments-11.html	comment-1093	1093
1094	canon-comments/canon-comments-11.html	comment-1094	1094
1095	canon-comments/canon-comments-11.html	comment-1095	1095
1096	canon-comments/canon-comments-11.html	comment-1096	1096
1097	canon-comments/canon-comments-11.html	comment-1097	1097
1098	canon-comments/canon-comments-11.html	comment-1098	1098
1099	canon-comments/canon-comments-11.html	comment-1099	1099
1100	canon-comments/canon-comments-11.html	comment-1100	1100
1101	canon-comments/canon-comments-12.html	comment-1101	1101
1102	canon-comments/canon-comments-12.html	comment-1102	1102
1103	canon-comments/canon-comments-12.html	comment-1103	1103
1104	canon-comments/canon-comments-12.html	comment-1104	1104
1105	canon-comments/canon-comments-12.html	comment-1105	1105
1106	canon-comments/canon-comments-12.html	comment-1106	1106
1107	canon-comments/canon-comments-12.html	comment-1107	1107
1108	canon-comments/canon-comments-12.html	comment-1108	1108
1109	canon-comments/canon-comments-12.html	comment-1109-1110	1109-1110
1110	canon-comments/canon-comments-12.html	comment-1109-1110	1109-1110
1111	canon-comments/canon-comments-12.html	comment-1111	1111
1112	canon-comments/canon-comments-12.html	comment-1112	1112
1113	canon-comments/canon-comments-12.html	comment-1113	1113
1114	canon-comments/canon-comments-12.html	comment-1114	1114
1116	canon-comments/canon-comments-12.html	comment-1116	1116
1117	canon-comments/canon-comments-12.html	comment-1117	1117
1121	canon-comments/canon-comments-12.html	comment-1121	1121
1124	canon-comments/canon-comments-12.html	comment-1124	1124
1125	canon-comments/canon-comments-12.html	comment-1125	1125
1127	canon-comments/canon-comments-12.html	comment-1127	1127
1130	canon-comments/canon-comments-12.html	comment-1130-1133	1130-1133
1131	canon-comments/canon-comments-12.html	comment-1130-1133	1130-1133
1132	canon-comments/canon-comments-12.html	comment-1130-1133	1130-1133
1133	canon-comments/canon-comments-12.html	comment-1130-1133	1130-1133
1134	canon-comments/canon-comments-12.html	comment-1134-1136	1134-1136
1135	canon-comments/canon-comments-12.html	comment-1134-1136	1134-1136
1136	canon-comments/canon-comments-12.html	comment-1134-1136	1134-1136
1137	canon-comments/canon-comments-12.html	comment-1137-1138	1137-1138
1138	canon-comments/canon-comments-12.html	comment-1137-1138	1137-1138
1139	canon-comments/canon-comments-12.html	comment-1139-1140	1139-1140
1140	canon-comments/canon-comments-12.html	comment-1139-1140	1139-1140
1141	canon-comments/canon-comments-12.html	comment-1141	1141
1142	canon-comments/canon-comments-12.html	comment-1142	1142
1143	canon-comments/canon-comments-12.html	comment-1143-1147	1143-1147
1144	canon-comments/canon-comments-12.html	comment-1143-1147	1143-1147
1145	canon-comments/canon-comments-12.html	comment-1143-1147	1143-1147
1146	canon-comments/canon-comments-12.html	comment-1143-1147	1143-1147
1147	canon-comments/canon-comments-12.html	comment-1143-1147	1143-1147
1143	canon-comments/canon-comments-12.html	comment-1143	1143
1144	canon-comments/canon-comments-12.html	comment-1144	1144
1145	canon-comments/canon-comments-12.html	comment-1145	1145
1146	canon-comments/canon-comments-12.html	comment-1146	1146
1148	canon-comments/canon-comments-12.html	comment-1148	1148
1150	canon-comments/canon-comments-12.html	comment-1150	1150
1151	canon-comments/canon-comments-12.html	comment-1151	1151
1152	canon-comments/canon-comments-12.html	comment-1152	1152
1153	canon-comments/canon-comments-12.html	comment-1153	1153
1154	canon-comments/canon-comments-12.html	comment-1154	1154
1155	canon-comments/canon-comments-12.html	comment-1155	1155
1156	canon-comments/canon-comments-12.html	comment-1156	1156
1157	canon-comments/canon-comments-12.html	comment-1157	1157
1158	canon-comments/canon-comments-12.html	comment-1158	1158
1159	canon-comments/canon-comments-12.html	comment-1159	1159
1160	canon-comments/canon-comments-12.html	comment-1160	1160
1161	canon-comments/canon-comments-12.html	comment-1161	1161
1162	canon-comments/canon-comments-12.html	comment-1162	1162
1163	canon-comments/canon-comments-12.html	comment-1163	1163
1164	canon-comments/canon-comments-12.html	comment-1164	1164
1165	canon-comments/canon-comments-12.html	comment-1165	1165
1166	canon-comments/canon-comments-12.html	comment-1166	1166
1167	canon-comments/canon-comments-12.html	comment-1167	1167
1168	canon-comments/canon-comments-12.html	comment-1168	1168
1169	canon-comments/canon-comments-12.html	comment-1169	1169
1170	canon-comments/canon-comments-12.html	comment-1170	1170
1171	canon-comments/canon-comments-12.html	comment-1171	1171
1172	canon-comments/canon-comments-12.html	comment-1172	1172
1173	canon-comments/canon-comments-12.html	comment-1173	1173
1174	canon-comments/canon-comments-12.html	comment-1174	1174
1175	canon-comments/canon-comments-12.html	comment-1175	1175
1176	canon-comments/canon-comments-12.html	comment-1176	1176
1177	canon-comments/canon-comments-12.html	comment-1177-1179	1177-1179
1178	canon-comments/canon-comments-12.html	comment-1177-1179	1177-1179
1179	canon-comments/canon-comments-12.html	comment-1177-1179	1177-1179
1180	canon-comments/canon-comments-12.html	comment-1180	1180
1181	canon-comments/canon-comments-12.html	comment-1181	1181
1182	canon-comments/canon-comments-12.html	comment-1182	1182
1183	canon-comments/canon-comments-12.html	comment-1183	1183
1184	canon-comments/canon-comments-12.html	comment-1184	1184
1186	canon-comments/canon-comments-12.html	comment-1186	1186
1187	canon-comments/canon-comments-12.html	comment-1187	1187
1188	canon-comments/canon-comments-12.html	comment-1188	1188
1189	canon-comments/canon-comments-12.html	comment-1189	1189
1190	canon-comments/canon-comments-12.html	comment-1190	1190
1191	canon-comments/canon-comments-12.html	comment-1191	1191
1192	canon-comments/canon-comments-12.html	comment-1192	1192
1193	canon-comments/canon-comments-12.html	comment-1193	1193
1194	canon-comments/canon-comments-12.html	comment-1194	1194
1195	canon-comments/canon-comments-12.html	comment-1195	1195
1196	canon-comments/canon-comments-12.html	comment-1196	1196
1197	canon-comments/canon-comments-12.html	comment-1197	1197
1198	canon-comments/canon-comments-12.html	comment-1198	1198
1199	canon-comments/canon-comments-12.html	comment-1199	1199
1200	canon-comments/canon-comments-12.html	comment-1200	1200
1201	canon-comments/canon-comments-13.html	comment-1201	1201
1202	canon-comments/canon-comments-13.html	comment-1202	1202
1203	canon-comments/canon-comments-13.html	comment-1203	1203
1204	canon-comments/canon-comments-13.html	comment-1204	1204
1205	canon-comments/canon-comments-13.html	comment-1205	1205
1206	canon-comments/canon-comments-13.html	comment-1206	1206
1207	canon-comments/canon-comments-13.html	comment-1207	1207
1208	canon-comments/canon-comments-13.html	comment-1208	1208
1209	canon-comments/canon-comments-13.html	comment-1209	1209
1210	canon-comments/canon-comments-13.html	comment-1210	1210
1211	canon-comments/canon-comments-13.html	comment-1211	1211
1212	canon-comments/canon-comments-13.html	comment-1212	1212
1213	canon-comments/canon-comments-13.html	comment-1213	1213
1214	canon-comments/canon-comments-13.html	comment-1214	1214
1215	canon-comments/canon-comments-13.html	comment-1215	1215
1216	canon-comments/canon-comments-13.html	comment-1216	1216
1217	canon-comments/canon-comments-13.html	comment-1217	1217
1218	canon-comments/canon-comments-13.html	comment-1218	1218
1219	canon-comments/canon-comments-13.html	comment-1219	1219
1220	canon-comments/canon-comments-13.html	comment-1220	1220
1221	canon-comments/canon-comments-13.html	comment-1221	1221
1222	canon-comments/canon-comments-13.html	comment-1222	1222
1223	canon-comments/canon-comments-13.html	comment-1223	1223
1224	canon-comments/canon-comments-13.html	comment-1224	1224
1225	canon-comments/canon-comments-13.html	comment-1225	1225
1226	canon-comments/canon-comments-13.html	comment-1226	1226
1227	canon-comments/canon-comments-13.html	comment-1227	1227
1228	canon-comments/canon-comments-13.html	comment-1228	1228
1229	canon-comments/canon-comments-13.html	comment-1229	1229
1230	canon-comments/canon-comments-13.html	comment-1230	1230
1231	canon-comments/canon-comments-13.html	comment-1231-1232	1231-1232
1232	canon-comments/canon-comments-13.html	comment-1231-1232	1231-1232
1233	canon-comments/canon-comments-13.html	comment-1233-1234	1233-1234
1234	canon-comments/canon-comments-13.html	comment-1233-1234	1233-1234
1235	canon-comments/canon-comments-13.html	comment-1235	1235
1236	canon-comments/canon-comments-13.html	comment-1236	1236
1237	canon-comments/canon-comments-13.html	comment-1237	1237
1238	canon-comments/canon-comments-13.html	comment-1238	1238
1239	canon-comments/canon-comments-13.html	comment-1239	1239
1240	canon-comments/canon-comments-13.html	comment-1240	1240
1241	canon-comments/canon-comments-13.html	comment-1241	1241
1242	canon-comments/canon-comments-13.html	comment-1242	1242
1243	canon-comments/canon-comments-13.html	comment-1243	1243
1244	canon-comments/canon-comments-13.html	comment-1244	1244
1245	canon-comments/canon-comments-13.html	comment-1245	1245
1246	canon-comments/canon-comments-13.html	comment-1246	1246
1247	canon-comments/canon-comments-13.html	comment-1247	1247
1248	canon-comments/canon-comments-13.html	comment-1248	1248
1249	canon-comments/canon-comments-13.html	comment-1249	1249
1250	canon-comments/canon-comments-13.html	comment-1250	1250
1251	canon-comments/canon-comments-13.html	comment-1251	1251
1252	canon-comments/canon-comments-13.html	comment-1252	1252
1253	canon-comments/canon-comments-13.html	comment-1253	1253
1254	canon-comments/canon-comments-13.html	comment-1254	1254
1255	canon-comments/canon-comments-13.html	comment-1255	1255
1256	canon-comments/canon-comments-13.html	comment-1256	1256
1257	canon-comments/canon-comments-13.html	comment-1257	1257
1258	canon-comments/canon-comments-13.html	comment-1258	1258
1259	canon-comments/canon-comments-13.html	comment-1259	1259
1260	canon-comments/canon-comments-13.html	comment-1260	1260
1261	canon-comments/canon-comments-13.html	comment-1261	1261
1262	canon-comments/canon-comments-13.html	comment-1262	1262
1263	canon-comments/canon-comments-13.html	comment-1263	1263
1264	canon-comments/canon-comments-13.html	comment-1264	1264
1265	canon-comments/canon-comments-13.html	comment-1265	1265
1266	canon-comments/canon-comments-13.html	comment-1266	1266
1267	canon-comments/canon-comments-13.html	comment-1267	1267
1268	canon-comments/canon-comments-13.html	comment-1268	1268
1269	canon-comments/canon-comments-13.html	comment-1269	1269
1270	canon-comments/canon-comments-13.html	comment-1270	1270
1271	canon-comments/canon-comments-13.html	comment-1271	1271
1272	canon-comments/canon-comments-13.html	comment-1272	1272
1273	canon-comments/canon-comments-13.html	comment-1273	1273
1274	canon-comments/canon-comments-13.html	comment-1274	1274
1275	canon-comments/canon-comments-13.html	comment-1275	1275
1276	canon-comments/canon-comments-13.html	comment-1276	1276
1277	canon-comments/canon-comments-13.html	comment-1277	1277
1278	canon-comments/canon-comments-13.html	comment-1278	1278
1279	canon-comments/canon-comments-13.html	comment-1279	1279
1280	canon-comments/canon-comments-13.html	comment-1280	1280
1281	canon-comments/canon-comments-13.html	comment-1281	1281
1282	canon-comments/canon-comments-13.html	comment-1282	1282
1283	canon-comments/canon-comments-13.html	comment-1283	1283
1284	canon-comments/canon-comments-13.html	comment-1284	1284
1285	canon-comments/canon-comments-13.html	comment-1285	1285
1286	canon-comments/canon-comments-13.html	comment-1286	1286
1287	canon-comments/canon-comments-13.html	comment-1287	1287
1288	canon-comments/canon-comments-13.html	comment-1288	1288
1289	canon-comments/canon-comments-13.html	comment-1289	1289
1290	canon-comments/canon-comments-13.html	comment-1290	1290
1291	canon-comments/canon-comments-13.html	comment-1291	1291
1292	canon-comments/canon-comments-13.html	comment-1292	1292
1293	canon-comments/canon-comments-13.html	comment-1293	1293
1294	canon-comments/canon-comments-13.html	comment-1294	1294
1295	canon-comments/canon-comments-13.html	comment-1295	1295
1296	canon-comments/canon-comments-13.html	comment-1296	1296
1297	canon-comments/canon-comments-13.html	comment-1297	1297
1298	canon-comments/canon-comments-13.html	comment-1298	1298
1299	canon-comments/canon-comments-13.html	comment-1299	1299
1300	canon-comments/canon-comments-13.html	comment-1300	1300
1301	canon-comments/canon-comments-14.html	comment-1301	1301
1302	canon-comments/canon-comments-14.html	comment-1302	1302
1303	canon-comments/canon-comments-14.html	comment-1303	1303
1304	canon-comments/canon-comments-14.html	comment-1304	1304
1305	canon-comments/canon-comments-14.html	comment-1305	1305
1306	canon-comments/canon-comments-14.html	comment-1306	1306
1307	canon-comments/canon-comments-14.html	comment-1307	1307
1308	canon-comments/canon-comments-14.html	comment-1308-1310	1308-1310
1309	canon-comments/canon-comments-14.html	comment-1308-1310	1308-1310
1310	canon-comments/canon-comments-14.html	comment-1308-1310	1308-1310
1311	canon-comments/canon-comments-14.html	comment-1311	1311
1312	canon-comments/canon-comments-14.html	comment-1312	1312
1313	canon-comments/canon-comments-14.html	comment-1313	1313
1314	canon-comments/canon-comments-14.html	comment-1314	1314
1315	canon-comments/canon-comments-14.html	comment-1315	1315
1316	canon-comments/canon-comments-14.html	comment-1316-1318	1316-1318
1317	canon-comments/canon-comments-14.html	comment-1316-1318	1316-1318
1318	canon-comments/canon-comments-14.html	comment-1316-1318	1316-1318
1319	canon-comments/canon-comments-14.html	comment-1319	1319
1321	canon-comments/canon-comments-14.html	comment-1321	1321
1322	canon-comments/canon-comments-14.html	comment-1322	1322
1323	canon-comments/canon-comments-14.html	comment-1323	1323
1324	canon-comments/canon-comments-14.html	comment-1324	1324
1325	canon-comments/canon-comments-14.html	comment-1325	1325
1326	canon-comments/canon-comments-14.html	comment-1326	1326
1327	canon-comments/canon-comments-14.html	comment-1327	1327
1328	canon-comments/canon-comments-14.html	comment-1328	1328
1329	canon-comments/canon-comments-14.html	comment-1329	1329
1330	canon-comments/canon-comments-14.html	comment-1330	1330
1331	canon-comments/canon-comments-14.html	comment-1331	1331
1332	canon-comments/canon-comments-14.html	comment-1332	1332
1333	canon-comments/canon-comments-14.html	comment-1333	1333
1334	canon-comments/canon-comments-14.html	comment-1334	1334
1335	canon-comments/canon-comments-14.html	comment-1335	1335
1341	canon-comments/canon-comments-14.html	comment-1341	1341
1342	canon-comments/canon-comments-14.html	comment-1342	1342
1343	canon-comments/canon-comments-14.html	comment-1343	1343
1344	canon-comments/canon-comments-14.html	comment-1344-1346	1344-1346
1345	canon-comments/canon-comments-14.html	comment-1344-1346	1344-1346
1346	canon-comments/canon-comments-14.html	comment-1344-1346	1344-1346
1344	canon-comments/canon-comments-14.html	comment-1344	1344
1345	canon-comments/canon-comments-14.html	comment-1345	1345
1346	canon-comments/canon-comments-14.html	comment-1346	1346
1347	canon-comments/canon-comments-14.html	comment-1347	1347
1348	canon-comments/canon-comments-14.html	comment-1348	1348
1349	canon-comments/canon-comments-14.html	comment-1349	1349
1350	canon-comments/canon-comments-14.html	comment-1350	1350
1351	canon-comments/canon-comments-14.html	comment-1351	1351
1352	canon-comments/canon-comments-14.html	comment-1352	1352
1353	canon-comments/canon-comments-14.html	comment-1353	1353
1354	canon-comments/canon-comments-14.html	comment-1354	1354
1355	canon-comments/canon-comments-14.html	comment-1355	1355
1356	canon-comments/canon-comments-14.html	comment-1356	1356
1357	canon-comments/canon-comments-14.html	comment-1357	1357
1358	canon-comments/canon-comments-14.html	comment-1358	1358
1359	canon-comments/canon-comments-14.html	comment-1359	1359
1360	canon-comments/canon-comments-14.html	comment-1360	1360
1361	canon-comments/canon-comments-14.html	comment-1361	1361
1362	canon-comments/canon-comments-14.html	comment-1362	1362
1363	canon-comments/canon-comments-14.html	comment-1363	1363
1364	canon-comments/canon-comments-14.html	comment-1364	1364
1365	canon-comments/canon-comments-14.html	comment-1365	1365
1366	canon-comments/canon-comments-14.html	comment-1366	1366
1367	canon-comments/canon-comments-14.html	comment-1367	1367
1368	canon-comments/canon-comments-14.html	comment-1368	1368
1369	canon-comments/canon-comments-14.html	comment-1369	1369
1370	canon-comments/canon-comments-14.html	comment-1370	1370
1371	canon-comments/canon-comments-14.html	comment-1371	1371
1372	canon-comments/canon-comments-14.html	comment-1372	1372
1373	canon-comments/canon-comments-14.html	comment-1373	1373
1374	canon-comments/canon-comments-14.html	comment-1374	1374
1375	canon-comments/canon-comments-14.html	comment-1375	1375
1376	canon-comments/canon-comments-14.html	comment-1376	1376
1377	canon-comments/canon-comments-14.html	comment-1377	1377
1378	canon-comments/canon-comments-14.html	comment-1378	1378
1379	canon-comments/canon-comments-14.html	comment-1379	1379
1380	canon-comments/canon-comments-14.html	comment-1380	1380
1381	canon-comments/canon-comments-14.html	comment-1381	1381
1382	canon-comments/canon-comments-14.html	comment-1382	1382
1383	canon-comments/canon-comments-14.html	comment-1383	1383
1384	canon-comments/canon-comments-14.html	comment-1384	1384
1385	canon-comments/canon-comments-14.html	comment-1385	1385
1386	canon-comments/canon-comments-14.html	comment-1386	1386
1387	canon-comments/canon-comments-14.html	comment-1387	1387
1388	canon-comments/canon-comments-14.html	comment-1388	1388
1389	canon-comments/canon-comments-14.html	comment-1389	1389
1390	canon-comments/canon-comments-14.html	comment-1390	1390
1391	canon-comments/canon-comments-14.html	comment-1391	1391
1392	canon-comments/canon-comments-14.html	comment-1392	1392
1393	canon-comments/canon-comments-14.html	comment-1393	1393
1394	canon-comments/canon-comments-14.html	comment-1394	1394
1395	canon-comments/canon-comments-14.html	comment-1395	1395
1396	canon-comments/canon-comments-14.html	comment-1396	1396
1397	canon-comments/canon-comments-14.html	comment-1397	1397
1398	canon-comments/canon-comments-14.html	comment-1398	1398
1399	canon-comments/canon-comments-14.html	comment-1399	1399
1400	canon-comments/canon-comments-14.html	comment-1400	1400
1401	canon-comments/canon-comments-15.html	comment-1401	1401
1402	canon-comments/canon-comments-15.html	comment-1402	1402
1403	canon-comments/canon-comments-15.html	comment-1403	1403
1404	canon-comments/canon-comments-15.html	comment-1404	1404
1405	canon-comments/canon-comments-15.html	comment-1405	1405
1406	canon-comments/canon-comments-15.html	comment-1406	1406
1407	canon-comments/canon-comments-15.html	comment-1407	1407
1408	canon-comments/canon-comments-15.html	comment-1408	1408
1409	canon-comments/canon-comments-15.html	comment-1409	1409
1410	canon-comments/canon-comments-15.html	comment-1410	1410
1411	canon-comments/canon-comments-15.html	comment-1411	1411
1412	canon-comments/canon-comments-15.html	comment-1412	1412
1413	canon-comments/canon-comments-15.html	comment-1413	1413
1414	canon-comments/canon-comments-15.html	comment-1414	1414
1415	canon-comments/canon-comments-15.html	comment-1415	1415
1416	canon-comments/canon-comments-15.html	comment-1416	1416
1417	canon-comments/canon-comments-15.html	comment-1417	1417
1418	canon-comments/canon-comments-15.html	comment-1418	1418
1419	canon-comments/canon-comments-15.html	comment-1419	1419
1420	canon-comments/canon-comments-15.html	comment-1420	1420
1421	canon-comments/canon-comments-15.html	comment-1421	1421
1422	canon-comments/canon-comments-15.html	comment-1422	1422
1423	canon-comments/canon-comments-15.html	comment-1423	1423
1424	canon-comments/canon-comments-15.html	comment-1424	1424
1425	canon-comments/canon-comments-15.html	comment-1425	1425
1426	canon-comments/canon-comments-15.html	comment-1426	1426
1427	canon-comments/canon-comments-15.html	comment-1427	1427
1428	canon-comments/canon-comments-15.html	comment-1428	1428
1429	canon-comments/canon-comments-15.html	comment-1429	1429
1430	canon-comments/canon-comments-15.html	comment-1430	1430
1431	canon-comments/canon-comments-15.html	comment-1431	1431
1432	canon-comments/canon-comments-15.html	comment-1432	1432
1433	canon-comments/canon-comments-15.html	comment-1433	1433
1434	canon-comments/canon-comments-15.html	comment-1434	1434
1435	canon-comments/canon-comments-15.html	comment-1435	1435
1436	canon-comments/canon-comments-15.html	comment-1436	1436
1437	canon-comments/canon-comments-15.html	comment-1437	1437
1438	canon-comments/canon-comments-15.html	comment-1438	1438
1439	canon-comments/canon-comments-15.html	comment-1439	1439
1440	canon-comments/canon-comments-15.html	comment-1440	1440
1441	canon-comments/canon-comments-15.html	comment-1441	1441
1442	canon-comments/canon-comments-15.html	comment-1442	1442
1443	canon-comments/canon-comments-15.html	comment-1443	1443
1444	canon-comments/canon-comments-15.html	comment-1444	1444
1445	canon-comments/canon-comments-15.html	comment-1445	1445
1446	canon-comments/canon-comments-15.html	comment-1446	1446
1447	canon-comments/canon-comments-15.html	comment-1447	1447
1448	canon-comments/canon-comments-15.html	comment-1448	1448
1449	canon-comments/canon-comments-15.html	comment-1449	1449
1450	canon-comments/canon-comments-15.html	comment-1450-1451	1450-1451
1451	canon-comments/canon-comments-15.html	comment-1450-1451	1450-1451
1452	canon-comments/canon-comments-15.html	comment-1452	1452
1453	canon-comments/canon-comments-15.html	comment-1453	1453
1454	canon-comments/canon-comments-15.html	comment-1454	1454
1455	canon-comments/canon-comments-15.html	comment-1455	1455
1456	canon-comments/canon-comments-15.html	comment-1456	1456
1457	canon-comments/canon-comments-15.html	comment-1457	1457
1458	canon-comments/canon-comments-15.html	comment-1458	1458
1459	canon-comments/canon-comments-15.html	comment-1459	1459
1460	canon-comments/canon-comments-15.html	comment-1460	1460
1461	canon-comments/canon-comments-15.html	comment-1461	1461
1462	canon-comments/canon-comments-15.html	comment-1462	1462
1463	canon-comments/canon-comments-15.html	comment-1463	1463
1464	canon-comments/canon-comments-15.html	comment-1464	1464
1465	canon-comments/canon-comments-15.html	comment-1465	1465
1466	canon-comments/canon-comments-15.html	comment-1466	1466
1467	canon-comments/canon-comments-15.html	comment-1467	1467
1468	canon-comments/canon-comments-15.html	comment-1468	1468
1469	canon-comments/canon-comments-15.html	comment-1469	1469
1470	canon-comments/canon-comments-15.html	comment-1470	1470
1471	canon-comments/canon-comments-15.html	comment-1471	1471
1472	canon-comments/canon-comments-15.html	comment-1472	1472
1473	canon-comments/canon-comments-15.html	comment-1473	1473
1474	canon-comments/canon-comments-15.html	comment-1474	1474
1475	canon-comments/canon-comments-15.html	comment-1475	1475
1476	canon-comments/canon-comments-15.html	comment-1476	1476
1477	canon-comments/canon-comments-15.html	comment-1477	1477
1478	canon-comments/canon-comments-15.html	comment-1478	1478
1479	canon-comments/canon-comments-15.html	comment-1479	1479
1480	canon-comments/canon-comments-15.html	comment-1480	1480
1481	canon-comments/canon-comments-15.html	comment-1481	1481
1482	canon-comments/canon-comments-15.html	comment-1482	1482
1483	canon-comments/canon-comments-15.html	comment-1483	1483
1484	canon-comments/canon-comments-15.html	comment-1484	1484
1485	canon-comments/canon-comments-15.html	comment-1485	1485
1486	canon-comments/canon-comments-15.html	comment-1486	1486
1487	canon-comments/canon-comments-15.html	comment-1487	1487
1488	canon-comments/canon-comments-15.html	comment-1488	1488
1489	canon-comments/canon-comments-15.html	comment-1489	1489
1490	canon-comments/canon-comments-15.html	comment-1490	1490
1491	canon-comments/canon-comments-15.html	comment-1491	1491
1492	canon-comments/canon-comments-15.html	comment-1492	1492
1493	canon-comments/canon-comments-15.html	comment-1493	1493
1494	canon-comments/canon-comments-15.html	comment-1494	1494
1495	canon-comments/canon-comments-15.html	comment-1495	1495
1496	canon-comments/canon-comments-15.html	comment-1496-1498	1496-1498
1497	canon-comments/canon-comments-15.html	comment-1496-1498	1496-1498
1498	canon-comments/canon-comments-15.html	comment-1496-1498	1496-1498
1499	canon-comments/canon-comments-15.html	comment-1499	1499
1500	canon-comments/canon-comments-15.html	comment-1500	1500
1501	canon-comments/canon-comments-16.html	comment-1501	1501
1502	canon-comments/canon-comments-16.html	comment-1502	1502
1503	canon-comments/canon-comments-16.html	comment-1503	1503
1504	canon-comments/canon-comments-16.html	comment-1504	1504
1505	canon-comments/canon-comments-16.html	comment-1505	1505
1506	canon-comments/canon-comments-16.html	comment-1506	1506
1507	canon-comments/canon-comments-16.html	comment-1507	1507
1508	canon-comments/canon-comments-16.html	comment-1508	1508
1509	canon-comments/canon-comments-16.html	comment-1509	1509
1510	canon-comments/canon-comments-16.html	comment-1510	1510
1511	canon-comments/canon-comments-16.html	comment-1511	1511
1512	canon-comments/canon-comments-16.html	comment-1512	1512
1513	canon-comments/canon-comments-16.html	comment-1513	1513
1514	canon-comments/canon-comments-16.html	comment-1514	1514
1515	canon-comments/canon-comments-16.html	comment-1515	1515
1516	canon-comments/canon-comments-16.html	comment-1516	1516
1517	canon-comments/canon-comments-16.html	comment-1517	1517
1518	canon-comments/canon-comments-16.html	comment-1518	1518
1519	canon-comments/canon-comments-16.html	comment-1519	1519
1520	canon-comments/canon-comments-16.html	comment-1520	1520
1521	canon-comments/canon-comments-16.html	comment-1521	1521
1522	canon-comments/canon-comments-16.html	comment-1522	1522
1524	canon-comments/canon-comments-16.html	comment-1524	1524
1525	canon-comments/canon-comments-16.html	comment-1525	1525
1526	canon-comments/canon-comments-16.html	comment-1526	1526
1527	canon-comments/canon-comments-16.html	comment-1527	1527
1528	canon-comments/canon-comments-16.html	comment-1528	1528
1529	canon-comments/canon-comments-16.html	comment-1529	1529
1530	canon-comments/canon-comments-16.html	comment-1530	1530
1531	canon-comments/canon-comments-16.html	comment-1531	1531
1532	canon-comments/canon-comments-16.html	comment-1532	1532
1533	canon-comments/canon-comments-16.html	comment-1533	1533
1534	canon-comments/canon-comments-16.html	comment-1534	1534
1535	canon-comments/canon-comments-16.html	comment-1535	1535
1536	canon-comments/canon-comments-16.html	comment-1536	1536
1537	canon-comments/canon-comments-16.html	comment-1537	1537
1538	canon-comments/canon-comments-16.html	comment-1538	1538
1539	canon-comments/canon-comments-16.html	comment-1539	1539
1541	canon-comments/canon-comments-16.html	comment-1541	1541
1543	canon-comments/canon-comments-16.html	comment-1543	1543
1544	canon-comments/canon-comments-16.html	comment-1544	1544
1545	canon-comments/canon-comments-16.html	comment-1545	1545
1546	canon-comments/canon-comments-16.html	comment-1546	1546
1547	canon-comments/canon-comments-16.html	comment-1547	1547
1548	canon-comments/canon-comments-16.html	comment-1548	1548
1549	canon-comments/canon-comments-16.html	comment-1549	1549
1550	canon-comments/canon-comments-16.html	comment-1550	1550
1551	canon-comments/canon-comments-16.html	comment-1551	1551
1552	canon-comments/canon-comments-16.html	comment-1552	1552
1553	canon-comments/canon-comments-16.html	comment-1553	1553
1554	canon-comments/canon-comments-16.html	comment-1554	1554
1555	canon-comments/canon-comments-16.html	comment-1555	1555
1556	canon-comments/canon-comments-16.html	comment-1556	1556
1557	canon-comments/canon-comments-16.html	comment-1557	1557
1558	canon-comments/canon-comments-16.html	comment-1558	1558
1559	canon-comments/canon-comments-16.html	comment-1559	1559
1560	canon-comments/canon-comments-16.html	comment-1560	1560
1561	canon-comments/canon-comments-16.html	comment-1561	1561
1562	canon-comments/canon-comments-16.html	comment-1562	1562
1563	canon-comments/canon-comments-16.html	comment-1563	1563
1564	canon-comments/canon-comments-16.html	comment-1564	1564
1565	canon-comments/canon-comments-16.html	comment-1565	1565
1567	canon-comments/canon-comments-16.html	comment-1567	1567
1568	canon-comments/canon-comments-16.html	comment-1568	1568
1569	canon-comments/canon-comments-16.html	comment-1569	1569
1570	canon-comments/canon-comments-16.html	comment-1570	1570
1571	canon-comments/canon-comments-16.html	comment-1571	1571
1572	canon-comments/canon-comments-16.html	comment-1572	1572
1573	canon-comments/canon-comments-16.html	comment-1573	1573
1574	canon-comments/canon-comments-16.html	comment-1574	1574
1575	canon-comments/canon-comments-16.html	comment-1575	1575
1576	canon-comments/canon-comments-16.html	comment-1576	1576
1577	canon-comments/canon-comments-16.html	comment-1577	1577
1578	canon-comments/canon-comments-16.html	comment-1578	1578
1579	canon-comments/canon-comments-16.html	comment-1579	1579
1580	canon-comments/canon-comments-16.html	comment-1580	1580
1581	canon-comments/canon-comments-16.html	comment-1581	1581
1582	canon-comments/canon-comments-16.html	comment-1582	1582
1583	canon-comments/canon-comments-16.html	comment-1583	1583
1584	canon-comments/canon-comments-16.html	comment-1584	1584
1585	canon-comments/canon-comments-16.html	comment-1585	1585
1586	canon-comments/canon-comments-16.html	comment-1586	1586
1588	canon-comments/canon-comments-16.html	comment-1588	1588
1589	canon-comments/canon-comments-16.html	comment-1589	1589
1590	canon-comments/canon-comments-16.html	comment-1590	1590
1591	canon-comments/canon-comments-16.html	comment-1591	1591
1592	canon-comments/canon-comments-16.html	comment-1592	1592
1593	canon-comments/canon-comments-16.html	comment-1593	1593
1594	canon-comments/canon-comments-16.html	comment-1594	1594
1595	canon-comments/canon-comments-16.html	comment-1595	1595
1596	canon-comments/canon-comments-16.html	comment-1596	1596
1597	canon-comments/canon-comments-16.html	comment-1597	1597
1598	canon-comments/canon-comments-16.html	comment-1598	1598
1599	canon-comments/canon-comments-16.html	comment-1599	1599
1600	canon-comments/canon-comments-16.html	comment-1600	1600
1601	canon-comments/canon-comments-17.html	comment-1601	1601
1602	canon-comments/canon-comments-17.html	comment-1602	1602
1603	canon-comments/canon-comments-17.html	comment-1603	1603
1604	canon-comments/canon-comments-17.html	comment-1604	1604
1605	canon-comments/canon-comments-17.html	comment-1605	1605
1606	canon-comments/canon-comments-17.html	comment-1606	1606
1607	canon-comments/canon-comments-17.html	comment-1607	1607
1608	canon-comments/canon-comments-17.html	comment-1608	1608
1609	canon-comments/canon-comments-17.html	comment-1609	1609
1610	canon-comments/canon-comments-17.html	comment-1610	1610
1611	canon-comments/canon-comments-17.html	comment-1611	1611
1612	canon-comments/canon-comments-17.html	comment-1612	1612
1614	canon-comments/canon-comments-17.html	comment-1614	1614
1615	canon-comments/canon-comments-17.html	comment-1615	1615
1616	canon-comments/canon-comments-17.html	comment-1616	1616
1617	canon-comments/canon-comments-17.html	comment-1617	1617
1618	canon-comments/canon-comments-17.html	comment-1618	1618
1619	canon-comments/canon-comments-17.html	comment-1619	1619
1620	canon-comments/canon-comments-17.html	comment-1620	1620
1621	canon-comments/canon-comments-17.html	comment-1621	1621
1622	canon-comments/canon-comments-17.html	comment-1622	1622
1623	canon-comments/canon-comments-17.html	comment-1623	1623
1624	canon-comments/canon-comments-17.html	comment-1624	1624
1625	canon-comments/canon-comments-17.html	comment-1625	1625
1626	canon-comments/canon-comments-17.html	comment-1626	1626
1627	canon-comments/canon-comments-17.html	comment-1627	1627
1628	canon-comments/canon-comments-17.html	comment-1628	1628
1629	canon-comments/canon-comments-17.html	comment-1629	1629
1630	canon-comments/canon-comments-17.html	comment-1630	1630
1631	canon-comments/canon-comments-17.html	comment-1631	1631
1632	canon-comments/canon-comments-17.html	comment-1632	1632
1633	canon-comments/canon-comments-17.html	comment-1633	1633
1634	canon-comments/canon-comments-17.html	comment-1634	1634
1635	canon-comments/canon-comments-17.html	comment-1635	1635
1636	canon-comments/canon-comments-17.html	comment-1636	1636
1637	canon-comments/canon-comments-17.html	comment-1637	1637
1638	canon-comments/canon-comments-17.html	comment-1638	1638
1639	canon-comments/canon-comments-17.html	comment-1639	1639
1640	canon-comments/canon-comments-17.html	comment-1640	1640
1641	canon-comments/canon-comments-17.html	comment-1641	1641
1642	canon-comments/canon-comments-17.html	comment-1642	1642
1643	canon-comments/canon-comments-17.html	comment-1643	1643
1644	canon-comments/canon-comments-17.html	comment-1644	1644
1645	canon-comments/canon-comments-17.html	comment-1645	1645
1646	canon-comments/canon-comments-17.html	comment-1646	1646
1647	canon-comments/canon-comments-17.html	comment-1647	1647
1648	canon-comments/canon-comments-17.html	comment-1648	1648
1649	canon-comments/canon-comments-17.html	comment-1649	1649
1650	canon-comments/canon-comments-17.html	comment-1650	1650
1651	canon-comments/canon-comments-17.html	comment-1651	1651
1652	canon-comments/canon-comments-17.html	comment-1652	1652
1653	canon-comments/canon-comments-17.html	comment-1653	1653
1654	canon-comments/canon-comments-17.html	comment-1654	1654
1655	canon-comments/canon-comments-17.html	comment-1655	1655
1656	canon-comments/canon-comments-17.html	comment-1656	1656
1658	canon-comments/canon-comments-17.html	comment-1658	1658
1659	canon-comments/canon-comments-17.html	comment-1659	1659
1660	canon-comments/canon-comments-17.html	comment-1660	1660
1661	canon-comments/canon-comments-17.html	comment-1661	1661
1662	canon-comments/canon-comments-17.html	comment-1662	1662
1663	canon-comments/canon-comments-17.html	comment-1663	1663
1664	canon-comments/canon-comments-17.html	comment-1664	1664
1665	canon-comments/canon-comments-17.html	comment-1665	1665
1666	canon-comments/canon-comments-17.html	comment-1666-1667	1666-1667
1667	canon-comments/canon-comments-17.html	comment-1666-1667	1666-1667
1668	canon-comments/canon-comments-17.html	comment-1668	1668
1669	canon-comments/canon-comments-17.html	comment-1669	1669
1670	canon-comments/canon-comments-17.html	comment-1670	1670
1671	canon-comments/canon-comments-17.html	comment-1671	1671
1672	canon-comments/canon-comments-17.html	comment-1672	1672
1673	canon-comments/canon-comments-17.html	comment-1673	1673
1674	canon-comments/canon-comments-17.html	comment-1674	1674
1675	canon-comments/canon-comments-17.html	comment-1675	1675
1676	canon-comments/canon-comments-17.html	comment-1676	1676
1677	canon-comments/canon-comments-17.html	comment-1677	1677
1678	canon-comments/canon-comments-17.html	comment-1678	1678
1679	canon-comments/canon-comments-17.html	comment-1679	1679
1680	canon-comments/canon-comments-17.html	comment-1680	1680
1681	canon-comments/canon-comments-17.html	comment-1681	1681
1682	canon-comments/canon-comments-17.html	comment-1682	1682
1683	canon-comments/canon-comments-17.html	comment-1683	1683
1684	canon-comments/canon-comments-17.html	comment-1684	1684
1685	canon-comments/canon-comments-17.html	comment-1685	1685
1686	canon-comments/canon-comments-17.html	comment-1686	1686
1687	canon-comments/canon-comments-17.html	comment-1687	1687
1688	canon-comments/canon-comments-17.html	comment-1688	1688
1689	canon-comments/canon-comments-17.html	comment-1689	1689
1690	canon-comments/canon-comments-17.html	comment-1690	1690
1691	canon-comments/canon-comments-17.html	comment-1691	1691
1692	canon-comments/canon-comments-17.html	comment-1692	1692
1693	canon-comments/canon-comments-17.html	comment-1693	1693
1694	canon-comments/canon-comments-17.html	comment-1694	1694
1695	canon-comments/canon-comments-17.html	comment-1695	1695
1696	canon-comments/canon-comments-17.html	comment-1696	1696
1698	canon-comments/canon-comments-17.html	comment-1698	1698
1699	canon-comments/canon-comments-17.html	comment-1699	1699
1700	canon-comments/canon-comments-17.html	comment-1700	1700
1701	canon-comments/canon-comments-18.html	comment-1701	1701
1702	canon-comments/canon-comments-18.html	comment-1702	1702
1703	canon-comments/canon-comments-18.html	comment-1703	1703
1704	canon-comments/canon-comments-18.html	comment-1704	1704
1705	canon-comments/canon-comments-18.html	comment-1705	1705
1706	canon-comments/canon-comments-18.html	comment-1706	1706
1707	canon-comments/canon-comments-18.html	comment-1707	1707
1708	canon-comments/canon-comments-18.html	comment-1708	1708
1709	canon-comments/canon-comments-18.html	comment-1709	1709
1710	canon-comments/canon-comments-18.html	comment-1710	1710
1711	canon-comments/canon-comments-18.html	comment-1711	1711
1712	canon-comments/canon-comments-18.html	comment-1712	1712
1713	canon-comments/canon-comments-18.html	comment-1713	1713
1714	canon-comments/canon-comments-18.html	comment-1714	1714
1715	canon-comments/canon-comments-18.html	comment-1715	1715
1716	canon-comments/canon-comments-18.html	comment-1716	1716
1717	canon-comments/canon-comments-18.html	comment-1717	1717
1718	canon-comments/canon-comments-18.html	comment-1718	1718
1719	canon-comments/canon-comments-18.html	comment-1719	1719
1720	canon-comments/canon-comments-18.html	comment-1720	1720
1721	canon-comments/canon-comments-18.html	comment-1721	1721
1722	canon-comments/canon-comments-18.html	comment-1722	1722
1723	canon-comments/canon-comments-18.html	comment-1723	1723
1724	canon-comments/canon-comments-18.html	comment-1724	1724
1725	canon-comments/canon-comments-18.html	comment-1725	1725
1726	canon-comments/canon-comments-18.html	comment-1726	1726
1727	canon-comments/canon-comments-18.html	comment-1727	1727
1728	canon-comments/canon-comments-18.html	comment-1728	1728
1729	canon-comments/canon-comments-18.html	comment-1729	1729
1730	canon-comments/canon-comments-18.html	comment-1730	1730
1731	canon-comments/canon-comments-18.html	comment-1731	1731
1732	canon-comments/canon-comments-18.html	comment-1732	1732
1733	canon-comments/canon-comments-18.html	comment-1733	1733
1734	canon-comments/canon-comments-18.html	comment-1734	1734
1735	canon-comments/canon-comments-18.html	comment-1735	1735
1736	canon-comments/canon-comments-18.html	comment-1736	1736
1737	canon-comments/canon-comments-18.html	comment-1737	1737
1738	canon-comments/canon-comments-18.html	comment-1738	1738
1739	canon-comments/canon-comments-18.html	comment-1739	1739
1740	canon-comments/canon-comments-18.html	comment-1740	1740
1741	canon-comments/canon-comments-18.html	comment-1741	1741
1742	canon-comments/canon-comments-18.html	comment-1742	1742
1743	canon-comments/canon-comments-18.html	comment-1743	1743
1744	canon-comments/canon-comments-18.html	comment-1744	1744
1745	canon-comments/canon-comments-18.html	comment-1745	1745
1746	canon-comments/canon-comments-18.html	comment-1746	1746
1747	canon-comments/canon-comments-18.html	comment-1747	1747
1748	canon-comments/canon-comments-18.html	comment-1748	1748
1750	canon-comments/canon-comments-18.html	comment-1750	1750
1751	canon-comments/canon-comments-18.html	comment-1751	1751
1752	canon-comments/canon-comments-18.html	comment-1752	1752
