# canon	file	fragment
1	canon-text/canons-01.html	canon-1
2	canon-text/canons-01.html	canon-2
3	canon-text/canons-01.html	canon-3
4	canon-text/canons-01.html	canon-4
5	canon-text/canons-01.html	canon-5
6	canon-text/canons-01.html	canon-6
7	canon-text/canons-01.html	canon-7
8	canon-text/canons-01.html	canon-8
9	canon-text/canons-01.html	canon-9
10	canon-text/canons-01.html	canon-10
11	canon-text/canons-01.html	canon-11
12	canon-text/canons-01.html	canon-12
13	canon-text/canons-01.html	canon-13
14	canon-text/canons-01.html	canon-14
15	canon-text/canons-01.html	canon-15
16	canon-text/canons-01.html	canon-16
17	canon-text/canons-01.html	canon-17
18	canon-text/canons-01.html	canon-18
19	canon-text/canons-01.html	canon-19
20	canon-text/canons-01.html	canon-20
21	canon-text/canons-01.html	canon-21
22	canon-text/canons-01.html	canon-22
23	canon-text/canons-01.html	canon-23
24	canon-text/canons-01.html	canon-24
25	canon-text/canons-01.html	canon-25
26	canon-text/canons-01.html	canon-26
27	canon-text/canons-01.html	canon-27
28	canon-text/canons-01.html	canon-28
29	canon-text/canons-01.html	canon-29
30	canon-text/canons-01.html	canon-30
31	canon-text/canons-01.html	canon-31
32	canon-text/canons-01.html	canon-32
33	canon-text/canons-01.html	canon-33
34	canon-text/canons-01.html	canon-34
35	canon-text/canons-01.html	canon-35
36	canon-text/canons-01.html	canon-36
37	canon-text/canons-01.html	canon-37
38	canon-text/canons-01.html	canon-38
39	canon-text/canons-01.html	canon-39
40	canon-text/canons-01.html	canon-40
41	canon-text/canons-01.html	canon-41
42	canon-text/canons-01.html	canon-42
43	canon-text/canons-01.html	canon-43
44	canon-text/canons-01.html	canon-44
45	canon-text/canons-01.html	canon-45
46	canon-text/canons-01.html	canon-46
47	canon-text/canons-01.html	canon-47
48	canon-text/canons-01.html	canon-48
49	canon-text/canons-01.html	canon-49
50	canon-text/canons-01.html	canon-50
51	canon-text/canons-01.html	canon-51
52	canon-text/canons-01.html	canon-52
53	canon-text/canons-01.html	canon-53
54	canon-text/canons-01.html	canon-54
55	canon-text/canons-01.html	canon-55
56	canon-text/canons-01.html	canon-56
57	canon-text/canons-01.html	canon-57
58	canon-text/canons-01.html	canon-58
59	canon-text/canons-01.html	canon-59
60	canon-text/canons-01.html	canon-60
61	canon-text/canons-01.html	canon-61
62	canon-text/canons-01.html	canon-62
63	canon-text/canons-01.html	canon-63
64	canon-text/canons-01.html	canon-64
65	canon-text/canons-01.html	canon-65
66	canon-text/canons-01.html	canon-66
67	canon-text/canons-01.html	canon-67
68	canon-text/canons-01.html	canon-68
69	canon-text/canons-01.html	canon-69
70	canon-text/canons-01.html	canon-70
71	canon-text/canons-01.html	canon-71
72	canon-text/canons-01.html	canon-72
73	canon-text/canons-01.html	canon-73
74	canon-text/canons-01.html	canon-74
75	canon-text/canons-01.html	canon-75
76	canon-text/canons-01.html	canon-76
77	canon-text/canons-01.html	canon-77
78	canon-text/canons-01.html	canon-78
79	canon-text/canons-01.html	canon-79
80	canon-text/canons-01.html	canon-80
81	canon-text/canons-01.html	canon-81
82	canon-text/canons-01.html	canon-82
83	canon-text/canons-01.html	canon-83
84	canon-text/canons-01.html	canon-84
85	canon-text/canons-01.html	canon-85
86	canon-text/canons-01.html	canon-86
87	canon-text/canons-01.html	canon-87
88	canon-text/canons-01.html	canon-88
89	canon-text/canons-01.html	canon-89
90	canon-text/canons-01.html	canon-90
91	canon-text/canons-01.html	canon-91
92	canon-text/canons-01.html	canon-92
93	canon-text/canons-01.html	canon-93
94	canon-text/canons-01.html	canon-94
95	canon-text/canons-01.html	canon-95
96	canon-text/canons-01.html	canon-96
97	canon-text/canons-01.html	canon-97
98	canon-text/canons-01.html	canon-98
99	canon-text/canons-01.html	canon-99
100	canon-text/canons-01.html	canon-100
101	canon-text/canons-02.html	canon-101
102	canon-text/canons-02.html	canon-102
103	canon-text/canons-02.html	canon-103
104	canon-text/canons-02.html	canon-104
105	canon-text/canons-02.html	canon-105
106	canon-text/canons-02.html	canon-106
107	canon-text/canons-02.html	canon-107
108	canon-text/canons-02.html	canon-108
109	canon-text/canons-02.html	canon-109
110	canon-text/canons-02.html	canon-110
111	canon-text/canons-02.html	canon-111
112	canon-text/canons-02.html	canon-112
113	canon-text/canons-02.html	canon-113
114	canon-text/canons-02.html	canon-114
115	canon-text/canons-02.html	canon-115
116	canon-text/canons-02.html	canon-116
117	canon-text/canons-02.html	canon-117
118	canon-text/canons-02.html	canon-118
119	canon-text/canons-02.html	canon-119
120	canon-text/canons-02.html	canon-120
121	canon-text/canons-02.html	canon-121
122	canon-text/canons-02.html	canon-122
123	canon-text/canons-02.html	canon-123
124	canon-text/canons-02.html	canon-124
125	canon-text/canons-02.html	canon-125
126	canon-text/canons-02.html	canon-126
127	canon-text/canons-02.html	canon-127
128	canon-text/canons-02.html	canon-128
129	canon-text/canons-02.html	canon-129
130	canon-text/canons-02.html	canon-130
131	canon-text/canons-02.html	canon-131
132	canon-text/canons-02.html	canon-132
133	canon-text/canons-02.html	canon-133
134	canon-text/canons-02.html	canon-134
135	canon-text/canons-02.html	canon-135
136	canon-text/canons-02.html	canon-136
137	canon-text/canons-02.html	canon-137
138	canon-text/canons-02.html	canon-138
139	canon-text/canons-02.html	canon-139
140	canon-text/canons-02.html	canon-140
141	canon-text/canons-02.html	canon-141
142	canon-text/canons-02.html	canon-142
143	canon-text/canons-02.html	canon-143
144	canon-text/canons-02.html	canon-144
145	canon-text/canons-02.html	canon-145
146	canon-text/canons-02.html	canon-146
147	canon-text/canons-02.html	canon-147
148	canon-text/canons-02.html	canon-148
149	canon-text/canons-02.html	canon-149
150	canon-text/canons-02.html	canon-150
151	canon-text/canons-02.html	canon-151
152	canon-text/canons-02.html	canon-152
153	canon-text/canons-02.html	canon-153
154	canon-text/canons-02.html	canon-154
155	canon-text/canons-02.html	canon-155
156	canon-text/canons-02.html	canon-156
157	canon-text/canons-02.html	canon-157
158	canon-text/canons-02.html	canon-158
159	canon-text/canons-02.html	canon-159
160	canon-text/canons-02.html	canon-160
161	canon-text/canons-02.html	canon-161
162	canon-text/canons-02.html	canon-162
163	canon-text/canons-02.html	canon-163
164	canon-text/canons-02.html	canon-164
165	canon-text/canons-02.html	canon-165
166	canon-text/canons-02.html	canon-166
167	canon-text/canons-02.html	canon-167
168	canon-text/canons-02.html	canon-168
169	canon-text/canons-02.html	canon-169
170	canon-text/canons-02.html	canon-170
171	canon-text/canons-02.html	canon-171
172	canon-text/canons-02.html	canon-172
173	canon-text/canons-02.html	canon-173
174	canon-text/canons-02.html	canon-174
175	canon-text/canons-02.html	canon-175
176	canon-text/canons-02.html	canon-176
177	canon-text/canons-02.html	canon-177
178	canon-text/canons-02.html	canon-178
179	canon-text/canons-02.html	canon-179
180	canon-text/canons-02.html	canon-180
181	canon-text/canons-02.html	canon-181
182	canon-text/canons-02.html	canon-182
183	canon-text/canons-02.html	canon-183
184	canon-text/canons-02.html	canon-184
185	canon-text/canons-02.html	canon-185
186	canon-text/canons-02.html	canon-186
187	canon-text/canons-02.html	canon-187
188	canon-text/canons-02.html	canon-188
189	canon-text/canons-02.html	canon-189
190	canon-text/canons-02.html	canon-190
191	canon-text/canons-02.html	canon-191
192	canon-text/canons-02.html	canon-192
193	canon-text/canons-02.html	canon-193
194	canon-text/canons-02.html	canon-194
195	canon-text/canons-02.html	canon-195
196	canon-text/canons-02.html	canon-196
197	canon-text/canons-02.html	canon-197
198	canon-text/canons-02.html	canon-198
199	canon-text/canons-02.html	canon-199
200	canon-text/canons-02.html	canon-200
201	canon-text/canons-03.html	canon-201
202	canon-text/canons-03.html	canon-202
203	canon-text/canons-03.html	canon-203
204	canon-text/canons-03.html	canon-204
205	canon-text/canons-03.html	canon-205
206	canon-text/canons-03.html	canon-206
207	canon-text/canons-03.html	canon-207
208	canon-text/canons-03.html	canon-208
209	canon-text/canons-03.html	canon-209
210	canon-text/canons-03.html	canon-210
211	canon-text/canons-03.html	canon-211
212	canon-text/canons-03.html	canon-212
213	canon-text/canons-03.html	canon-213
214	canon-text/canons-03.html	canon-214
215	canon-text/canons-03.html	canon-215
216	canon-text/canons-03.html	canon-216
217	canon-text/canons-03.html	canon-217
218	canon-text/canons-03.html	canon-218
219	canon-text/canons-03.html	canon-219
220	canon-text/canons-03.html	canon-220
221	canon-text/canons-03.html	canon-221
222	canon-text/canons-03.html	canon-222
223	canon-text/canons-03.html	canon-223
224	canon-text/canons-03.html	canon-224
225	canon-text/canons-03.html	canon-225
226	canon-text/canons-03.html	canon-226
227	canon-text/canons-03.html	canon-227
228	canon-text/canons-03.html	canon-228
229	canon-text/canons-03.html	canon-229
230	canon-text/canons-03.html	canon-230
231	canon-text/canons-03.html	canon-231
232	canon-text/canons-03.html	canon-232
233	canon-text/canons-03.html	canon-233
234	canon-text/canons-03.html	canon-234
235	canon-text/canons-03.html	canon-235
236	canon-text/canons-03.html	canon-236
237	canon-text/canons-03.html	canon-237
238	canon-text/canons-03.html	canon-238
239	canon-text/canons-03.html	canon-239
240	canon-text/canons-03.html	canon-240
241	canon-text/canons-03.html	canon-241
242	canon-text/canons-03.html	canon-242
243	canon-text/canons-03.html	canon-243
244	canon-text/canons-03.html	canon-244
245	canon-text/canons-03.html	canon-245
246	canon-text/canons-03.html	canon-246
247	canon-text/canons-03.html	canon-247
248	canon-text/canons-03.html	canon-248
249	canon-text/canons-03.html	canon-249
250	canon-text/canons-03.html	canon-250
251	canon-text/canons-03.html	canon-251
252	canon-text/canons-03.html	canon-252
253	canon-text/canons-03.html	canon-253
254	canon-text/canons-03.html	canon-254
255	canon-text/canons-03.html	canon-255
256	canon-text/canons-03.html	canon-256
257	canon-text/canons-03.html	canon-257
258	canon-text/canons-03.html	canon-258
259	canon-text/canons-03.html	canon-259
260	canon-text/canons-03.html	canon-260
261	canon-text/canons-03.html	canon-261
262	canon-text/canons-03.html	canon-262
263	canon-text/canons-03.html	canon-263
264	canon-text/canons-03.html	canon-264
265	canon-text/canons-03.html	canon-265
266	canon-text/canons-03.html	canon-266
267	canon-text/canons-03.html	canon-267
268	canon-text/canons-03.html	canon-268
269	canon-text/canons-03.html	canon-269
270	canon-text/canons-03.html	canon-270
271	canon-text/canons-03.html	canon-271
272	canon-text/canons-03.html	canon-272
273	canon-text/canons-03.html	canon-273
274	canon-text/canons-03.html	canon-274
275	canon-text/canons-03.html	canon-275
276	canon-text/canons-03.html	canon-276
277	canon-text/canons-03.html	canon-277
278	canon-text/canons-03.html	canon-278
279	canon-text/canons-03.html	canon-279
280	canon-text/canons-03.html	canon-280
281	canon-text/canons-03.html	canon-281
282	canon-text/canons-03.html	canon-282
283	canon-text/canons-03.html	canon-283
284	canon-text/canons-03.html	canon-284
285	canon-text/canons-03.html	canon-285
286	canon-text/canons-03.html	canon-286
287	canon-text/canons-03.html	canon-287
288	canon-text/canons-03.html	canon-288
289	canon-text/canons-03.html	canon-289
290	canon-text/canons-03.html	canon-290
291	canon-text/canons-03.html	canon-291
292	canon-text/canons-03.html	canon-292
293	canon-text/canons-03.html	canon-293
294	canon-text/canons-03.html	canon-294
295	canon-text/canons-03.html	canon-295
296	canon-text/canons-03.html	canon-296
297	canon-text/canons-03.html	canon-297
298	canon-text/canons-03.html	canon-298
299	canon-text/canons-03.html	canon-299
300	canon-text/canons-03.html	canon-300
301	canon-text/canons-04.html	canon-301
302	canon-text/canons-04.html	canon-302
303	canon-text/canons-04.html	canon-303
304	canon-text/canons-04.html	canon-304
305	canon-text/canons-04.html	canon-305
306	canon-text/canons-04.html	canon-306
307	canon-text/canons-04.html	canon-307
308	canon-text/canons-04.html	canon-308
309	canon-text/canons-04.html	canon-309
310	canon-text/canons-04.html	canon-310
311	canon-text/canons-04.html	canon-311
312	canon-text/canons-04.html	canon-312
313	canon-text/canons-04.html	canon-313
314	canon-text/canons-04.html	canon-314
315	canon-text/canons-04.html	canon-315
316	canon-text/canons-04.html	canon-316
317	canon-text/canons-04.html	canon-317
318	canon-text/canons-04.html	canon-318
319	canon-text/canons-04.html	canon-319
320	canon-text/canons-04.html	canon-320
321	canon-text/canons-04.html	canon-321
322	canon-text/canons-04.html	canon-322
323	canon-text/canons-04.html	canon-323
324	canon-text/canons-04.html	canon-324
325	canon-text/canons-04.html	canon-325
326	canon-text/canons-04.html	canon-326
327	canon-text/canons-04.html	canon-327
328	canon-text/canons-04.html	canon-328
329	canon-text/canons-04.html	canon-329
330	canon-text/canons-04.html	canon-330
331	canon-text/canons-04.html	canon-331
332	canon-text/canons-04.html	canon-332
333	canon-text/canons-04.html	canon-333
334	canon-text/canons-04.html	canon-334
335	canon-text/canons-04.html	canon-335
336	canon-text/canons-04.html	canon-336
337	canon-text/canons-04.html	canon-337
338	canon-text/canons-04.html	canon-338
339	canon-text/canons-04.html	canon-339
340	canon-text/canons-04.html	canon-340
341	canon-text/canons-04.html	canon-341
342	canon-text/canons-04.html	canon-342
343	canon-text/canons-04.html	canon-343
344	canon-text/canons-04.html	canon-344
345	canon-text/canons-04.html	canon-345
346	canon-text/canons-04.html	canon-346
347	canon-text/canons-04.html	canon-347
348	canon-text/canons-04.html	canon-348
349	canon-text/canons-04.html	canon-349
350	canon-text/canons-04.html	canon-350
351	canon-text/canons-04.html	canon-351
352	canon-text/canons-04.html	canon-352
353	canon-text/canons-04.html	canon-353
354	canon-text/canons-04.html	canon-354
355	canon-text/canons-04.html	canon-355
356	canon-text/canons-04.html	canon-356
357	canon-text/canons-04.html	canon-357
358	canon-text/canons-04.html	canon-358
359	canon-text/canons-04.html	canon-359
360	canon-text/canons-04.html	canon-360
361	canon-text/canons-04.html	canon-361
362	canon-text/canons-04.html	canon-362
363	canon-text/canons-04.html	canon-363
364	canon-text/canons-04.html	canon-364
365	canon-text/canons-04.html	canon-365
366	canon-text/canons-04.html	canon-366
367	canon-text/canons-04.html	canon-367
368	canon-text/canons-04.html	canon-368
369	canon-text/canons-04.html	canon-369
370	canon-text/canons-04.html	canon-370
371	canon-text/canons-04.html	canon-371
372	canon-text/canons-04.html	canon-372
373	canon-text/canons-04.html	canon-373
374	canon-text/canons-04.html	canon-374
375	canon-text/canons-04.html	canon-375
376	canon-text/canons-04.html	canon-376
377	canon-text/canons-04.html	canon-377
378	canon-text/canons-04.html	canon-378
379	canon-text/canons-04.html	canon-379
380	canon-text/canons-04.html	canon-380
381	canon-text/canons-04.html	canon-381
382	canon-text/canons-04.html	canon-382
383	canon-text/canons-04.html	canon-383
384	canon-text/canons-04.html	canon-384
385	canon-text/canons-04.html	canon-385
386	canon-text/canons-04.html	canon-386
387	canon-text/canons-04.html	canon-387
388	canon-text/canons-04.html	canon-388
389	canon-text/canons-04.html	canon-389
390	canon-text/canons-04.html	canon-390
391	canon-text/canons-04.html	canon-391
392	canon-text/canons-04.html	canon-392
393	canon-text/canons-04.html	canon-393
394	canon-text/canons-04.html	canon-394
395	canon-text/canons-04.html	canon-395
396	canon-text/canons-04.html	canon-396
397	canon-text/canons-04.html	canon-397
398	canon-text/canons-04.html	canon-398
399	canon-text/canons-04.html	canon-399
400	canon-text/canons-04.html	canon-400
401	canon-text/canons-05.html	canon-401
402	canon-text/canons-05.html	canon-402
403	canon-text/canons-05.html	canon-403
404	canon-text/canons-05.html	canon-404
405	canon-text/canons-05.html	canon-405
406	canon-text/canons-05.html	canon-406
407	canon-text/canons-05.html	canon-407
408	canon-text/canons-05.html	canon-408
409	canon-text/canons-05.html	canon-409
410	canon-text/canons-05.html	canon-410
411	canon-text/canons-05.html	canon-411
412	canon-text/canons-05.html	canon-412
413	canon-text/canons-05.html	canon-413
414	canon-text/canons-05.html	canon-414
415	canon-text/canons-05.html	canon-415
416	canon-text/canons-05.html	canon-416
417	canon-text/canons-05.html	canon-417
418	canon-text/canons-05.html	canon-418
419	canon-text/canons-05.html	canon-419
420	canon-text/canons-05.html	canon-420
421	canon-text/canons-05.html	canon-421
422	canon-text/canons-05.html	canon-422
423	canon-text/canons-05.html	canon-423
424	canon-text/canons-05.html	canon-424
425	canon-text/canons-05.html	canon-425
426	canon-text/canons-05.html	canon-426
427	canon-text/canons-05.html	canon-427
428	canon-text/canons-05.html	canon-428
429	canon-text/canons-05.html	canon-429
430	canon-text/canons-05.html	canon-430
431	canon-text/canons-05.html	canon-431
432	canon-text/canons-05.html	canon-432
433	canon-text/canons-05.html	canon-433
434	canon-text/canons-05.html	canon-434
435	canon-text/canons-05.html	canon-435
436	canon-text/canons-05.html	canon-436
437	canon-text/canons-05.html	canon-437
438	canon-text/canons-05.html	canon-438
439	canon-text/canons-05.html	canon-439
440	canon-text/canons-05.html	canon-440
441	canon-text/canons-05.html	canon-441
442	canon-text/canons-05.html	canon-442
443	canon-text/canons-05.html	canon-443
444	canon-text/canons-05.html	canon-444
445	canon-text/canons-05.html	canon-445
446	canon-text/canons-05.html	canon-446
447	canon-text/canons-05.html	canon-447
448	canon-text/canons-05.html	canon-448
449	canon-text/canons-05.html	canon-449
450	canon-text/canons-05.html	canon-450
451	canon-text/canons-05.html	canon-451
452	canon-text/canons-05.html	canon-452
453	canon-text/canons-05.html	canon-453
454	canon-text/canons-05.html	canon-454
455	canon-text/canons-05.html	canon-455
456	canon-text/canons-05.html	canon-456
457	canon-text/canons-05.html	canon-457
458	canon-text/canons-05.html	canon-458
459	canon-text/canons-05.html	canon-459
460	canon-text/canons-05.html	canon-460
461	canon-text/canons-05.html	canon-461
462	canon-text/canons-05.html	canon-462
463	canon-text/canons-05.html	canon-463
464	canon-text/canons-05.html	canon-464
465	canon-text/canons-05.html	canon-465
466	canon-text/canons-05.html	canon-466
467	canon-text/canons-05.html	canon-467
468	canon-text/canons-05.html	canon-468
469	canon-text/canons-05.html	canon-469
470	canon-text/canons-05.html	canon-470
471	canon-text/canons-05.html	canon-471
472	canon-text/canons-05.html	canon-472
473	canon-text/canons-05.html	canon-473
474	canon-text/canons-05.html	canon-474
475	canon-text/canons-05.html	canon-475
476	canon-text/canons-05.html	canon-476
477	canon-text/canons-05.html	canon-477
478	canon-text/canons-05.html	canon-478
479	canon-text/canons-05.html	canon-479
480	canon-text/canons-05.html	canon-480
481	canon-text/canons-05.html	canon-481
482	canon-text/canons-05.html	canon-482
483	canon-text/canons-05.html	canon-483
484	canon-text/canons-05.html	canon-484
485	canon-text/canons-05.html	canon-485
486	canon-text/canons-05.html	canon-486
487	canon-text/canons-05.html	canon-487
488	canon-text/canons-05.html	canon-488
489	canon-text/canons-05.html	canon-489
490	canon-text/canons-05.html	canon-490
491	canon-text/canons-05.html	canon-491
492	canon-text/canons-05.html	canon-492
493	canon-text/canons-05.html	canon-493
494	canon-text/canons-05.html	canon-494
495	canon-text/canons-05.html	canon-495
496	canon-text/canons-05.html	canon-496
497	canon-text/canons-05.html	canon-497
498	canon-text/canons-05.html	canon-498
499	canon-text/canons-05.html	canon-499
500	canon-text/canons-05.html	canon-500
501	canon-text/canons-06.html	canon-501
502	canon-text/canons-06.html	canon-502
503	canon-text/canons-06.html	canon-503
504	canon-text/canons-06.html	canon-504
505	canon-text/canons-06.html	canon-505
506	canon-text/canons-06.html	canon-506
507	canon-text/canons-06.html	canon-507
508	canon-text/canons-06.html	canon-508
509	canon-text/canons-06.html	canon-509
510	canon-text/canons-06.html	canon-510
511	canon-text/canons-06.html	canon-511
512	canon-text/canons-06.html	canon-512
513	canon-text/canons-06.html	canon-513
514	canon-text/canons-06.html	canon-514
515	canon-text/canons-06.html	canon-515
516	canon-text/canons-06.html	canon-516
517	canon-text/canons-06.html	canon-517
518	canon-text/canons-06.html	canon-518
519	canon-text/canons-06.html	canon-519
520	canon-text/canons-06.html	canon-520
521	canon-text/canons-06.html	canon-521
522	canon-text/canons-06.html	canon-522
523	canon-text/canons-06.html	canon-523
524	canon-text/canons-06.html	canon-524
525	canon-text/canons-06.html	canon-525
526	canon-text/canons-06.html	canon-526
527	canon-text/canons-06.html	canon-527
528	canon-text/canons-06.html	canon-528
529	canon-text/canons-06.html	canon-529
530	canon-text/canons-06.html	canon-530
531	canon-text/canons-06.html	canon-531
532	canon-text/canons-06.html	canon-532
533	canon-text/canons-06.html	canon-533
534	canon-text/canons-06.html	canon-534
535	canon-text/canons-06.html	canon-535
536	canon-text/canons-06.html	canon-536
537	canon-text/canons-06.html	canon-537
538	canon-text/canons-06.html	canon-538
539	canon-text/canons-06.html	canon-539
540	canon-text/canons-06.html	canon-540
541	canon-text/canons-06.html	canon-541
542	canon-text/canons-06.html	canon-542
543	canon-text/canons-06.html	canon-543
544	canon-text/canons-06.html	canon-544
545	canon-text/canons-06.html	canon-545
546	canon-text/canons-06.html	canon-546
547	canon-text/canons-06.html	canon-547
548	canon-text/canons-06.html	canon-548
549	canon-text/canons-06.html	canon-549
550	canon-text/canons-06.html	canon-550
551	canon-text/canons-06.html	canon-551
552	canon-text/canons-06.html	canon-552
553	canon-text/canons-06.html	canon-553
554	canon-text/canons-06.html	canon-554
555	canon-text/canons-06.html	canon-555
556	canon-text/canons-06.html	canon-556
557	canon-text/canons-06.html	canon-557
558	canon-text/canons-06.html	canon-558
559	canon-text/canons-06.html	canon-559
560	canon-text/canons-06.html	canon-560
561	canon-text/canons-06.html	canon-561
562	canon-text/canons-06.html	canon-562
563	canon-text/canons-06.html	canon-563
564	canon-text/canons-06.html	canon-564
565	canon-text/canons-06.html	canon-565
566	canon-text/canons-06.html	canon-566
567	canon-text/canons-06.html	canon-567
568	canon-text/canons-06.html	canon-568
569	canon-text/canons-06.html	canon-569
570	canon-text/canons-06.html	canon-570
571	canon-text/canons-06.html	canon-571
572	canon-text/canons-06.html	canon-572
573	canon-text/canons-06.html	canon-573
574	canon-text/canons-06.html	canon-574
575	canon-text/canons-06.html	canon-575
576	canon-text/canons-06.html	canon-576
577	canon-text/canons-06.html	canon-577
578	canon-text/canons-06.html	canon-578
579	canon-text/canons-06.html	canon-579
580	canon-text/canons-06.html	canon-580
581	canon-text/canons-06.html	canon-581
582	canon-text/canons-06.html	canon-582
583	canon-text/canons-06.html	canon-583
584	canon-text/canons-06.html	canon-584
585	canon-text/canons-06.html	canon-585
586	canon-text/canons-06.html	canon-586
587	canon-text/canons-06.html	canon-587
588	canon-text/canons-06.html	canon-588
589	canon-text/canons-06.html	canon-589
590	canon-text/canons-06.html	canon-590
591	canon-text/canons-06.html	canon-591
592	canon-text/canons-06.html	canon-592
593	canon-text/canons-06.html	canon-593
594	canon-text/canons-06.html	canon-594
595	canon-text/canons-06.html	canon-595
596	canon-text/canons-06.html	canon-596
597	canon-text/canons-06.html	canon-597
598	canon-text/canons-06.html	canon-598
599	canon-text/canons-06.html	canon-599
600	canon-text/canons-06.html	canon-600
601	canon-text/canons-07.html	canon-601
602	canon-text/canons-07.html	canon-602
603	canon-text/canons-07.html	canon-603
604	canon-text/canons-07.html	canon-604
605	canon-text/canons-07.html	canon-605
606	canon-text/canons-07.html	canon-606
607	canon-text/canons-07.html	canon-607
608	canon-text/canons-07.html	canon-608
609	canon-text/canons-07.html	canon-609
610	canon-text/canons-07.html	canon-610
611	canon-text/canons-07.html	canon-611
612	canon-text/canons-07.html	canon-612
613	canon-text/canons-07.html	canon-613
614	canon-text/canons-07.html	canon-614
615	canon-text/canons-07.html	canon-615
616	canon-text/canons-07.html	canon-616
617	canon-text/canons-07.html	canon-617
618	canon-text/canons-07.html	canon-618
619	canon-text/canons-07.html	canon-619
620	canon-text/canons-07.html	canon-620
621	canon-text/canons-07.html	canon-621
622	canon-text/canons-07.html	canon-622
623	canon-text/canons-07.html	canon-623
624	canon-text/canons-07.html	canon-624
625	canon-text/canons-07.html	canon-625
626	canon-text/canons-07.html	canon-626
627	canon-text/canons-07.html	canon-627
628	canon-text/canons-07.html	canon-628
629	canon-text/canons-07.html	canon-629
630	canon-text/canons-07.html	canon-630
631	canon-text/canons-07.html	canon-631
632	canon-text/canons-07.html	canon-632
633	canon-text/canons-07.html	canon-633
634	canon-text/canons-07.html	canon-634
635	canon-text/canons-07.html	canon-635
636	canon-text/canons-07.html	canon-636
637	canon-text/canons-07.html	canon-637
638	canon-text/canons-07.html	canon-638
639	canon-text/canons-07.html	canon-639
640	canon-text/canons-07.html	canon-640
641	canon-text/canons-07.html	canon-641
642	canon-text/canons-07.html	canon-642
643	canon-text/canons-07.html	canon-643
644	canon-text/canons-07.html	canon-644
645	canon-text/canons-07.html	canon-645
646	canon-text/canons-07.html	canon-646
647	canon-text/canons-07.html	canon-647
648	canon-text/canons-07.html	canon-648
649	canon-text/canons-07.html	canon-649
650	canon-text/canons-07.html	canon-650
651	canon-text/canons-07.html	canon-651
652	canon-text/canons-07.html	canon-652
653	canon-text/canons-07.html	canon-653
654	canon-text/canons-07.html	canon-654
655	canon-text/canons-07.html	canon-655
656	canon-text/canons-07.html	canon-656
657	canon-text/canons-07.html	canon-657
658	canon-text/canons-07.html	canon-658
659	canon-text/canons-07.html	canon-659
660	canon-text/canons-07.html	canon-660
661	canon-text/canons-07.html	canon-661
662	canon-text/canons-07.html	canon-662
663	canon-text/canons-07.html	canon-663
664	canon-text/canons-07.html	canon-664
665	canon-text/canons-07.html	canon-665
666	canon-text/canons-07.html	canon-666
667	canon-text/canons-07.html	canon-667
668	canon-text/canons-07.html	canon-668
669	canon-text/canons-07.html	canon-669
670	canon-text/canons-07.html	canon-670
671	canon-text/canons-07.html	canon-671
672	canon-text/canons-07.html	canon-672
673	canon-text/canons-07.html	canon-673
674	canon-text/canons-07.html	canon-674
675	canon-text/canons-07.html	canon-675
676	canon-text/canons-07.html	canon-676
677	canon-text/canons-07.html	canon-677
678	canon-text/canons-07.html	canon-678
679	canon-text/canons-07.html	canon-679
680	canon-text/canons-07.html	canon-680
681	canon-text/canons-07.html	canon-681
682	canon-text/canons-07.html	canon-682
683	canon-text/canons-07.html	canon-683
684	canon-text/canons-07.html	canon-684
685	canon-text/canons-07.html	canon-685
686	canon-text/canons-07.html	canon-686
687	canon-text/canons-07.html	canon-687
688	canon-text/canons-07.html	canon-688
689	canon-text/canons-07.html	canon-689
690	canon-text/canons-07.html	canon-690
691	canon-text/canons-07.html	canon-691
692	canon-text/canons-07.html	canon-692
693	canon-text/canons-07.html	canon-693
694	canon-text/canons-07.html	canon-694
695	canon-text/canons-07.html	canon-695
696	canon-text/canons-07.html	canon-696
697	canon-text/canons-07.html	canon-697
698	canon-text/canons-07.html	canon-698
699	canon-text/canons-07.html	canon-699
700	canon-text/canons-07.html	canon-700
701	canon-text/canons-08.html	canon-701
702	canon-text/canons-08.html	canon-702
703	canon-text/canons-08.html	canon-703
704	canon-text/canons-08.html	canon-704
705	canon-text/canons-08.html	canon-705
706	canon-text/canons-08.html	canon-706
707	canon-text/canons-08.html	canon-707
708	canon-text/canons-08.html	canon-708
709	canon-text/canons-08.html	canon-709
710	canon-text/canons-08.html	canon-710
711	canon-text/canons-08.html	canon-711
712	canon-text/canons-08.html	canon-712
713	canon-text/canons-08.html	canon-713
714	canon-text/canons-08.html	canon-714
715	canon-text/canons-08.html	canon-715
716	canon-text/canons-08.html	canon-716
717	canon-text/canons-08.html	canon-717
718	canon-text/canons-08.html	canon-718
719	canon-text/canons-08.html	canon-719
720	canon-text/canons-08.html	canon-720
721	canon-text/canons-08.html	canon-721
722	canon-text/canons-08.html	canon-722
723	canon-text/canons-08.html	canon-723
724	canon-text/canons-08.html	canon-724
725	canon-text/canons-08.html	canon-725
726	canon-text/canons-08.html	canon-726
727	canon-text/canons-08.html	canon-727
728	canon-text/canons-08.html	canon-728
729	canon-text/canons-08.html	canon-729
730	canon-text/canons-08.html	canon-730
731	canon-text/canons-08.html	canon-731
732	canon-text/canons-08.html	canon-732
733	canon-text/canons-08.html	canon-733
734	canon-text/canons-08.html	canon-734
735	canon-text/canons-08.html	canon-735
736	canon-text/canons-08.html	canon-736
737	canon-text/canons-08.html	canon-737
738	canon-text/canons-08.html	canon-738
739	canon-text/canons-08.html	canon-739
740	canon-text/canons-08.html	canon-740
741	canon-text/canons-08.html	canon-741
742	canon-text/canons-08.html	canon-742
743	canon-text/canons-08.html	canon-743
744	canon-text/canons-08.html	canon-744
745	canon-text/canons-08.html	canon-745
746	canon-text/canons-08.html	canon-746
747	canon-text/canons-08.html	canon-747
748	canon-text/canons-08.html	canon-748
749	canon-text/canons-08.html	canon-749
750	canon-text/canons-08.html	canon-750
751	canon-text/canons-08.html	canon-751
752	canon-text/canons-08.html	canon-752
753	canon-text/canons-08.html	canon-753
754	canon-text/canons-08.html	canon-754
755	canon-text/canons-08.html	canon-755
756	canon-text/canons-08.html	canon-756
757	canon-text/canons-08.html	canon-757
758	canon-text/canons-08.html	canon-758
759	canon-text/canons-08.html	canon-759
760	canon-text/canons-08.html	canon-760
761	canon-text/canons-08.html	canon-761
762	canon-text/canons-08.html	canon-762
763	canon-text/canons-08.html	canon-763
764	canon-text/canons-08.html	canon-764
765	canon-text/canons-08.html	canon-765
766	canon-text/canons-08.html	canon-766
767	canon-text/canons-08.html	canon-767
768	canon-text/canons-08.html	canon-768
769	canon-text/canons-08.html	canon-769
770	canon-text/canons-08.html	canon-770
771	canon-text/canons-08.html	canon-771
772	canon-text/canons-08.html	canon-772
773	canon-text/canons-08.html	canon-773
774	canon-text/canons-08.html	canon-774
775	canon-text/canons-08.html	canon-775
776	canon-text/canons-08.html	canon-776
777	canon-text/canons-08.html	canon-777
778	canon-text/canons-08.html	canon-778
779	canon-text/canons-08.html	canon-779
780	canon-text/canons-08.html	canon-780
781	canon-text/canons-08.html	canon-781
782	canon-text/canons-08.html	canon-782
783	canon-text/canons-08.html	canon-783
784	canon-text/canons-08.html	canon-784
785	canon-text/canons-08.html	canon-785
786	canon-text/canons-08.html	canon-786
787	canon-text/canons-08.html	canon-787
788	canon-text/canons-08.html	canon-788
789	canon-text/canons-08.html	canon-789
790	canon-text/canons-08.html	canon-790
791	canon-text/canons-08.html	canon-791
792	canon-text/canons-08.html	canon-792
793	canon-text/canons-08.html	canon-793
794	canon-text/canons-08.html	canon-794
795	canon-text/canons-08.html	canon-795
796	canon-text/canons-08.html	canon-796
797	canon-text/canons-08.html	canon-797
798	canon-text/canons-08.html	canon-798
799	canon-text/canons-08.html	canon-799
800	canon-text/canons-08.html	canon-800
801	canon-text/canons-09.html	canon-801
802	canon-text/canons-09.html	canon-802
803	canon-text/canons-09.html	canon-803
804	canon-text/canons-09.html	canon-804
805	canon-text/canons-09.html	canon-805
806	canon-text/canons-09.html	canon-806
807	canon-text/canons-09.html	canon-807
808	canon-text/canons-09.html	canon-808
809	canon-text/canons-09.html	canon-809
810	canon-text/canons-09.html	canon-810
811	canon-text/canons-09.html	canon-811
812	canon-text/canons-09.html	canon-812
813	canon-text/canons-09.html	canon-813
814	canon-text/canons-09.html	canon-814
815	canon-text/canons-09.html	canon-815
816	canon-text/canons-09.html	canon-816
817	canon-text/canons-09.html	canon-817
818	canon-text/canons-09.html	canon-818
819	canon-text/canons-09.html	canon-819
820	canon-text/canons-09.html	canon-820
821	canon-text/canons-09.html	canon-821
822	canon-text/canons-09.html	canon-822
823	canon-text/canons-09.html	canon-823
824	canon-text/canons-09.html	canon-824
825	canon-text/canons-09.html	canon-825
826	canon-text/canons-09.html	canon-826
827	canon-text/canons-09.html	canon-827
828	canon-text/canons-09.html	canon-828
829	canon-text/canons-09.html	canon-829
830	canon-text/canons-09.html	canon-830
831	canon-text/canons-09.html	canon-831
832	canon-text/canons-09.html	canon-832
833	canon-text/canons-09.html	canon-833
834	canon-text/canons-09.html	canon-834
835	canon-text/canons-09.html	canon-835
836	canon-text/canons-09.html	canon-836
837	canon-text/canons-09.html	canon-837
838	canon-text/canons-09.html	canon-838
839	canon-text/canons-09.html	canon-839
840	canon-text/canons-09.html	canon-840
841	canon-text/canons-09.html	canon-841
842	canon-text/canons-09.html	canon-842
843	canon-text/canons-09.html	canon-843
844	canon-text/canons-09.html	canon-844
845	canon-text/canons-09.html	canon-845
846	canon-text/canons-09.html	canon-846
847	canon-text/canons-09.html	canon-847
848	canon-text/canons-09.html	canon-848
849	canon-text/canons-09.html	canon-849
850	canon-text/canons-09.html	canon-850
851	canon-text/canons-09.html	canon-851
852	canon-text/canons-09.html	canon-852
853	canon-text/canons-09.html	canon-853
854	canon-text/canons-09.html	canon-854
855	canon-text/canons-09.html	canon-855
856	canon-text/canons-09.html	canon-856
857	canon-text/canons-09.html	canon-857
858	canon-text/canons-09.html	canon-858
859	canon-text/canons-09.html	canon-859
860	canon-text/canons-09.html	canon-860
861	canon-text/canons-09.html	canon-861
862	canon-text/canons-09.html	canon-862
863	canon-text/canons-09.html	canon-863
864	canon-text/canons-09.html	canon-864
865	canon-text/canons-09.html	canon-865
866	canon-text/canons-09.html	canon-866
867	canon-text/canons-09.html	canon-867
868	canon-text/canons-09.html	canon-868
869	canon-text/canons-09.html	canon-869
870	canon-text/canons-09.html	canon-870
871	canon-text/canons-09.html	canon-871
872	canon-text/canons-09.html	canon-872
873	canon-text/canons-09.html	canon-873
874	canon-text/canons-09.html	canon-874
875	canon-text/canons-09.html	canon-875
876	canon-text/canons-09.html	canon-876
877	canon-text/canons-09.html	canon-877
878	canon-text/canons-09.html	canon-878
879	canon-text/canons-09.html	canon-879
880	canon-text/canons-09.html	canon-880
881	canon-text/canons-09.html	canon-881
882	canon-text/canons-09.html	canon-882
883	canon-text/canons-09.html	canon-883
884	canon-text/canons-09.html	canon-884
885	canon-text/canons-09.html	canon-885
886	canon-text/canons-09.html	canon-886
887	canon-text/canons-09.html	canon-887
888	canon-text/canons-09.html	canon-888
889	canon-text/canons-09.html	canon-889
890	canon-text/canons-09.html	canon-890
891	canon-text/canons-09.html	canon-891
892	canon-text/canons-09.html	canon-892
893	canon-text/canons-09.html	canon-893
894	canon-text/canons-09.html	canon-894
895	canon-text/canons-09.html	canon-895
896	canon-text/canons-09.html	canon-896
897	canon-text/canons-09.html	canon-897
898	canon-text/canons-09.html	canon-898
899	canon-text/canons-09.html	canon-899
900	canon-text/canons-09.html	canon-900
901	canon-text/canons-10.html	canon-901
902	canon-text/canons-10.html	canon-902
903	canon-text/canons-10.html	canon-903
904	canon-text/canons-10.html	canon-904
905	canon-text/canons-10.html	canon-905
906	canon-text/canons-10.html	canon-906
907	canon-text/canons-10.html	canon-907
908	canon-text/canons-10.html	canon-908
909	canon-text/canons-10.html	canon-909
910	canon-text/canons-10.html	canon-910
911	canon-text/canons-10.html	canon-911
912	canon-text/canons-10.html	canon-912
913	canon-text/canons-10.html	canon-913
914	canon-text/canons-10.html	canon-914
915	canon-text/canons-10.html	canon-915
916	canon-text/canons-10.html	canon-916
917	canon-text/canons-10.html	canon-917
918	canon-text/canons-10.html	canon-918
919	canon-text/canons-10.html	canon-919
920	canon-text/canons-10.html	canon-920
921	canon-text/canons-10.html	canon-921
922	canon-text/canons-10.html	canon-922
923	canon-text/canons-10.html	canon-923
924	canon-text/canons-10.html	canon-924
925	canon-text/canons-10.html	canon-925
926	canon-text/canons-10.html	canon-926
927	canon-text/canons-10.html	canon-927
928	canon-text/canons-10.html	canon-928
929	canon-text/canons-10.html	canon-929
930	canon-text/canons-10.html	canon-930
931	canon-text/canons-10.html	canon-931
932	canon-text/canons-10.html	canon-932
933	canon-text/canons-10.html	canon-933
934	canon-text/canons-10.html	canon-934
935	canon-text/canons-10.html	canon-935
936	canon-text/canons-10.html	canon-936
937	canon-text/canons-10.html	canon-937
938	canon-text/canons-10.html	canon-938
939	canon-text/canons-10.html	canon-939
940	canon-text/canons-10.html	canon-940
941	canon-text/canons-10.html	canon-941
942	canon-text/canons-10.html	canon-942
943	canon-text/canons-10.html	canon-943
944	canon-text/canons-10.html	canon-944
945	canon-text/canons-10.html	canon-945
946	canon-text/canons-10.html	canon-946
947	canon-text/canons-10.html	canon-947
948	canon-text/canons-10.html	canon-948
949	canon-text/canons-10.html	canon-949
950	canon-text/canons-10.html	canon-950
951	canon-text/canons-10.html	canon-951
952	canon-text/canons-10.html	canon-952
953	canon-text/canons-10.html	canon-953
954	canon-text/canons-10.html	canon-954
955	canon-text/canons-10.html	canon-955
956	canon-text/canons-10.html	canon-956
957	canon-text/canons-10.html	canon-957
958	canon-text/canons-10.html	canon-958
959	canon-text/canons-10.html	canon-959
960	canon-text/canons-10.html	canon-960
961	canon-text/canons-10.html	canon-961
962	canon-text/canons-10.html	canon-962
963	canon-text/canons-10.html	canon-963
964	canon-text/canons-10.html	canon-964
965	canon-text/canons-10.html	canon-965
966	canon-text/canons-10.html	canon-966
967	canon-text/canons-10.html	canon-967
968	canon-text/canons-10.html	canon-968
969	canon-text/canons-10.html	canon-969
970	canon-text/canons-10.html	canon-970
971	canon-text/canons-10.html	canon-971
972	canon-text/canons-10.html	canon-972
973	canon-text/canons-10.html	canon-973
974	canon-text/canons-10.html	canon-974
975	canon-text/canons-10.html	canon-975
976	canon-text/canons-10.html	canon-976
977	canon-text/canons-10.html	canon-977
978	canon-text/canons-10.html	canon-978
979	canon-text/canons-10.html	canon-979
980	canon-text/canons-10.html	canon-980
981	canon-text/canons-10.html	canon-981
982	canon-text/canons-10.html	canon-982
983	canon-text/canons-10.html	canon-983
984	canon-text/canons-10.html	canon-984
985	canon-text/canons-10.html	canon-985
986	canon-text/canons-10.html	canon-986
987	canon-text/canons-10.html	canon-987
988	canon-text/canons-10.html	canon-988
989	canon-text/canons-10.html	canon-989
990	canon-text/canons-10.html	canon-990
991	canon-text/canons-10.html	canon-991
992	canon-text/canons-10.html	canon-992
993	canon-text/canons-10.html	canon-993
994	canon-text/canons-10.html	canon-994
995	canon-text/canons-10.html	canon-995
996	canon-text/canons-10.html	canon-996
997	canon-text/canons-10.html	canon-997
998	canon-text/canons-10.html	canon-998
999	canon-text/canons-10.html	canon-999
1000	canon-text/canons-10.html	canon-1000
1001	canon-text/canons-11.html	canon-1001
1002	canon-text/canons-11.html	canon-1002
1003	canon-text/canons-11.html	canon-1003
1004	canon-text/canons-11.html	canon-1004
1005	canon-text/canons-11.html	canon-1005
1006	canon-text/canons-11.html	canon-1006
1007	canon-text/canons-11.html	canon-1007
1008	canon-text/canons-11.html	canon-1008
1009	canon-text/canons-11.html	canon-1009
1010	canon-text/canons-11.html	canon-1010
1011	canon-text/canons-11.html	canon-1011
1012	canon-text/canons-11.html	canon-1012
1013	canon-text/canons-11.html	canon-1013
1014	canon-text/canons-11.html	canon-1014
1015	canon-text/canons-11.html	canon-1015
1016	canon-text/canons-11.html	canon-1016
1017	canon-text/canons-11.html	canon-1017
1018	canon-text/canons-11.html	canon-1018
1019	canon-text/canons-11.html	canon-1019
1020	canon-text/canons-11.html	canon-1020
1021	canon-text/canons-11.html	canon-1021
1022	canon-text/canons-11.html	canon-1022
1023	canon-text/canons-11.html	canon-1023
1024	canon-text/canons-11.html	canon-1024
1025	canon-text/canons-11.html	canon-1025
1026	canon-text/canons-11.html	canon-1026
1027	canon-text/canons-11.html	canon-1027
1028	canon-text/canons-11.html	canon-1028
1029	canon-text/canons-11.html	canon-1029
1030	canon-text/canons-11.html	canon-1030
1031	canon-text/canons-11.html	canon-1031
1032	canon-text/canons-11.html	canon-1032
1033	canon-text/canons-11.html	canon-1033
1034	canon-text/canons-11.html	canon-1034
1035	canon-text/canons-11.html	canon-1035
1036	canon-text/canons-11.html	canon-1036
1037	canon-text/canons-11.html	canon-1037
1038	canon-text/canons-11.html	canon-1038
1039	canon-text/canons-11.html	canon-1039
1040	canon-text/canons-11.html	canon-1040
1041	canon-text/canons-11.html	canon-1041
1042	canon-text/canons-11.html	canon-1042
1043	canon-text/canons-11.html	canon-1043
1044	canon-text/canons-11.html	canon-1044
1045	canon-text/canons-11.html	canon-1045
1046	canon-text/canons-11.html	canon-1046
1047	canon-text/canons-11.html	canon-1047
1048	canon-text/canons-11.html	canon-1048
1049	canon-text/canons-11.html	canon-1049
1050	canon-text/canons-11.html	canon-1050
1051	canon-text/canons-11.html	canon-1051
1052	canon-text/canons-11.html	canon-1052
1053	canon-text/canons-11.html	canon-1053
1054	canon-text/canons-11.html	canon-1054
1055	canon-text/canons-11.html	canon-1055
1056	canon-text/canons-11.html	canon-1056
1057	canon-text/canons-11.html	canon-1057
1058	canon-text/canons-11.html	canon-1058
1059	canon-text/canons-11.html	canon-1059
1060	canon-text/canons-11.html	canon-1060
1061	canon-text/canons-11.html	canon-1061
1062	canon-text/canons-11.html	canon-1062
1063	canon-text/canons-11.html	canon-1063
1064	canon-text/canons-11.html	canon-1064
1065	canon-text/canons-11.html	canon-1065
1066	canon-text/canons-11.html	canon-1066
1067	canon-text/canons-11.html	canon-1067
1068	canon-text/canons-11.html	canon-1068
1069	canon-text/canons-11.html	canon-1069
1070	canon-text/canons-11.html	canon-1070
1071	canon-text/canons-11.html	canon-1071
1072	canon-text/canons-11.html	canon-1072
1073	canon-text/canons-11.html	canon-1073
1074	canon-text/canons-11.html	canon-1074
1075	canon-text/canons-11.html	canon-1075
1076	canon-text/canons-11.html	canon-1076
1077	canon-text/canons-11.html	canon-1077
1078	canon-text/canons-11.html	canon-1078
1079	canon-text/canons-11.html	canon-1079
1080	canon-text/canons-11.html	canon-1080
1081	canon-text/canons-11.html	canon-1081
1082	canon-text/canons-11.html	canon-1082
1083	canon-text/canons-11.html	canon-1083
1084	canon-text/canons-11.html	canon-1084
1085	canon-text/canons-11.html	canon-1085
1086	canon-text/canons-11.html	canon-1086
1087	canon-text/canons-11.html	canon-1087
1088	canon-text/canons-11.html	canon-1088
1089	canon-text/canons-11.html	canon-1089
1090	canon-text/canons-11.html	canon-1090
1091	canon-text/canons-11.html	canon-1091
1092	canon-text/canons-11.html	canon-1092
1093	canon-text/canons-11.html	canon-1093
1094	canon-text/canons-11.html	canon-1094
1095	canon-text/canons-11.html	canon-1095
1096	canon-text/canons-11.html	canon-1096
1097	canon-text/canons-11.html	canon-1097
1098	canon-text/canons-11.html	canon-1098
1099	canon-text/canons-11.html	canon-1099
1100	canon-text/canons-11.html	canon-1100
1101	canon-text/canons-12.html	canon-1101
1102	canon-text/canons-12.html	canon-1102
1103	canon-text/canons-12.html	canon-1103
1104	canon-text/canons-12.html	canon-1104
1105	canon-text/canons-12.html	canon-1105
1106	canon-text/canons-12.html	canon-1106
1107	canon-text/canons-12.html	canon-1107
1108	canon-text/canons-12.html	canon-1108
1109	canon-text/canons-12.html	canon-1109
1110	canon-text/canons-12.html	canon-1110
1111	canon-text/canons-12.html	canon-1111
1112	canon-text/canons-12.html	canon-1112
1113	canon-text/canons-12.html	canon-1113
1114	canon-text/canons-12.html	canon-1114
1115	canon-text/canons-12.html	canon-1115
1116	canon-text/canons-12.html	canon-1116
1117	canon-text/canons-12.html	canon-1117
1118	canon-text/canons-12.html	canon-1118
1119	canon-text/canons-12.html	canon-1119
1120	canon-text/canons-12.html	canon-1120
1121	canon-text/canons-12.html	canon-1121
1122	canon-text/canons-12.html	canon-1122
1123	canon-text/canons-12.html	canon-1123
1124	canon-text/canons-12.html	canon-1124
1125	canon-text/canons-12.html	canon-1125
1126	canon-text/canons-12.html	canon-1126
1127	canon-text/canons-12.html	canon-1127
1128	canon-text/canons-12.html	canon-1128
1129	canon-text/canons-12.html	canon-1129
1130	canon-text/canons-12.html	canon-1130
1131	canon-text/canons-12.html	canon-1131
1132	canon-text/canons-12.html	canon-1132
1133	canon-text/canons-12.html	canon-1133
1134	canon-text/canons-12.html	canon-1134
1135	canon-text/canons-12.html	canon-1135
1136	canon-text/canons-12.html	canon-1136
1137	canon-text/canons-12.html	canon-1137
1138	canon-text/canons-12.html	canon-1138
1139	canon-text/canons-12.html	canon-1139
1140	canon-text/canons-12.html	canon-1140
1141	canon-text/canons-12.html	canon-1141
1142	canon-text/canons-12.html	canon-1142
1143	canon-text/canons-12.html	canon-1143
1144	canon-text/canons-12.html	canon-1144
1145	canon-text/canons-12.html	canon-1145
1146	canon-text/canons-12.html	canon-1146
1147	canon-text/canons-12.html	canon-1147
1148	canon-text/canons-12.html	canon-1148
1149	canon-text/canons-12.html	canon-1149
1150	canon-text/canons-12.html	canon-1150
1151	canon-text/canons-12.html	canon-1151
1152	canon-text/canons-12.html	canon-1152
1153	canon-text/canons-12.html	canon-1153
1154	canon-text/canons-12.html	canon-1154
1155	canon-text/canons-12.html	canon-1155
1156	canon-text/canons-12.html	canon-1156
1157	canon-text/canons-12.html	canon-1157
1158	canon-text/canons-12.html	canon-1158
1159	canon-text/canons-12.html	canon-1159
1160	canon-text/canons-12.html	canon-1160
1161	canon-text/canons-12.html	canon-1161
1162	canon-text/canons-12.html	canon-1162
1163	canon-text/canons-12.html	canon-1163
1164	canon-text/canons-12.html	canon-1164
1165	canon-text/canons-12.html	canon-1165
1166	canon-text/canons-12.html	canon-1166
1167	canon-text/canons-12.html	canon-1167
1168	canon-text/canons-12.html	canon-1168
1169	canon-text/canons-12.html	canon-1169
1170	canon-text/canons-12.html	canon-1170
1171	canon-text/canons-12.html	canon-1171
1172	canon-text/canons-12.html	canon-1172
1173	canon-text/canons-12.html	canon-1173
1174	canon-text/canons-12.html	canon-1174
1175	canon-text/canons-12.html	canon-1175
1176	canon-text/canons-12.html	canon-1176
1177	canon-text/canons-12.html	canon-1177
1178	canon-text/canons-12.html	canon-1178
1179	canon-text/canons-12.html	canon-1179
1180	canon-text/canons-12.html	canon-1180
1181	canon-text/canons-12.html	canon-1181
1182	canon-text/canons-12.html	canon-1182
1183	canon-text/canons-12.html	canon-1183
1184	canon-text/canons-12.html	canon-1184
1185	canon-text/canons-12.html	canon-1185
1186	canon-text/canons-12.html	canon-1186
1187	canon-text/canons-12.html	canon-1187
1188	canon-text/canons-12.html	canon-1188
1189	canon-text/canons-12.html	canon-1189
1190	canon-text/canons-12.html	canon-1190
1191	canon-text/canons-12.html	canon-1191
1192	canon-text/canons-12.html	canon-1192
1193	canon-text/canons-12.html	canon-1193
1194	canon-text/canons-12.html	canon-1194
1195	canon-text/canons-12.html	canon-1195
1196	canon-text/canons-12.html	canon-1196
1197	canon-text/canons-12.html	canon-1197
1198	canon-text/canons-12.html	canon-1198
1199	canon-text/canons-12.html	canon-1199
1200	canon-text/canons-12.html	canon-1200
1201	canon-text/canons-13.html	canon-1201
1202	canon-text/canons-13.html	canon-1202
1203	canon-text/canons-13.html	canon-1203
1204	canon-text/canons-13.html	canon-1204
1205	canon-text/canons-13.html	canon-1205
1206	canon-text/canons-13.html	canon-1206
1207	canon-text/canons-13.html	canon-1207
1208	canon-text/canons-13.html	canon-1208
1209	canon-text/canons-13.html	canon-1209
1210	canon-text/canons-13.html	canon-1210
1211	canon-text/canons-13.html	canon-1211
1212	canon-text/canons-13.html	canon-1212
1213	canon-text/canons-13.html	canon-1213
1214	canon-text/canons-13.html	canon-1214
1215	canon-text/canons-13.html	canon-1215
1216	canon-text/canons-13.html	canon-1216
1217	canon-text/canons-13.html	canon-1217
1218	canon-text/canons-13.html	canon-1218
1219	canon-text/canons-13.html	canon-1219
1220	canon-text/canons-13.html	canon-1220
1221	canon-text/canons-13.html	canon-1221
1222	canon-text/canons-13.html	canon-1222
1223	canon-text/canons-13.html	canon-1223
1224	canon-text/canons-13.html	canon-1224
1225	canon-text/canons-13.html	canon-1225
1226	canon-text/canons-13.html	canon-1226
1227	canon-text/canons-13.html	canon-1227
1228	canon-text/canons-13.html	canon-1228
1229	canon-text/canons-13.html	canon-1229
1230	canon-text/canons-13.html	canon-1230
1231	canon-text/canons-13.html	canon-1231
1232	canon-text/canons-13.html	canon-1232
1233	canon-text/canons-13.html	canon-1233
1234	canon-text/canons-13.html	canon-1234
1235	canon-text/canons-13.html	canon-1235
1236	canon-text/canons-13.html	canon-1236
1237	canon-text/canons-13.html	canon-1237
1238	canon-text/canons-13.html	canon-1238
1239	canon-text/canons-13.html	canon-1239
1240	canon-text/canons-13.html	canon-1240
1241	canon-text/canons-13.html	canon-1241
1242	canon-text/canons-13.html	canon-1242
1243	canon-text/canons-13.html	canon-1243
1244	canon-text/canons-13.html	canon-1244
1245	canon-text/canons-13.html	canon-1245
1246	canon-text/canons-13.html	canon-1246
1247	canon-text/canons-13.html	canon-1247
1248	canon-text/canons-13.html	canon-1248
1249	canon-text/canons-13.html	canon-1249
1250	canon-text/canons-13.html	canon-1250
1251	canon-text/canons-13.html	canon-1251
1252	canon-text/canons-13.html	canon-1252
1253	canon-text/canons-13.html	canon-1253
1254	canon-text/canons-13.html	canon-1254
1255	canon-text/canons-13.html	canon-1255
1256	canon-text/canons-13.html	canon-1256
1257	canon-text/canons-13.html	canon-1257
1258	canon-text/canons-13.html	canon-1258
1259	canon-text/canons-13.html	canon-1259
1260	canon-text/canons-13.html	canon-1260
1261	canon-text/canons-13.html	canon-1261
1262	canon-text/canons-13.html	canon-1262
1263	canon-text/canons-13.html	canon-1263
1264	canon-text/canons-13.html	canon-1264
1265	canon-text/canons-13.html	canon-1265
1266	canon-text/canons-13.html	canon-1266
1267	canon-text/canons-13.html	canon-1267
1268	canon-text/canons-13.html	canon-1268
1269	canon-text/canons-13.html	canon-1269
1270	canon-text/canons-13.html	canon-1270
1271	canon-text/canons-13.html	canon-1271
1272	canon-text/canons-13.html	canon-1272
1273	canon-text/canons-13.html	canon-1273
1274	canon-text/canons-13.html	canon-1274
1275	canon-text/canons-13.html	canon-1275
1276	canon-text/canons-13.html	canon-1276
1277	canon-text/canons-13.html	canon-1277
1278	canon-text/canons-13.html	canon-1278
1279	canon-text/canons-13.html	canon-1279
1280	canon-text/canons-13.html	canon-1280
1281	canon-text/canons-13.html	canon-1281
1282	canon-text/canons-13.html	canon-1282
1283	canon-text/canons-13.html	canon-1283
1284	canon-text/canons-13.html	canon-1284
1285	canon-text/canons-13.html	canon-1285
1286	canon-text/canons-13.html	canon-1286
1287	canon-text/canons-13.html	canon-1287
1288	canon-text/canons-13.html	canon-1288
1289	canon-text/canons-13.html	canon-1289
1290	canon-text/canons-13.html	canon-1290
1291	canon-text/canons-13.html	canon-1291
1292	canon-text/canons-13.html	canon-1292
1293	canon-text/canons-13.html	canon-1293
1294	canon-text/canons-13.html	canon-1294
1295	canon-text/canons-13.html	canon-1295
1296	canon-text/canons-13.html	canon-1296
1297	canon-text/canons-13.html	canon-1297
1298	canon-text/canons-13.html	canon-1298
1299	canon-text/canons-13.html	canon-1299
1300	canon-text/canons-13.html	canon-1300
1301	canon-text/canons-14.html	canon-1301
1302	canon-text/canons-14.html	canon-1302
1303	canon-text/canons-14.html	canon-1303
1304	canon-text/canons-14.html	canon-1304
1305	canon-text/canons-14.html	canon-1305
1306	canon-text/canons-14.html	canon-1306
1307	canon-text/canons-14.html	canon-1307
1308	canon-text/canons-14.html	canon-1308
1309	canon-text/canons-14.html	canon-1309
1310	canon-text/canons-14.html	canon-1310
1311	canon-text/canons-14.html	canon-1311
1312	canon-text/canons-14.html	canon-1312
1313	canon-text/canons-14.html	canon-1313
1314	canon-text/canons-14.html	canon-1314
1315	canon-text/canons-14.html	canon-1315
1316	canon-text/canons-14.html	canon-1316
1317	canon-text/canons-14.html	canon-1317
1318	canon-text/canons-14.html	canon-1318
1319	canon-text/canons-14.html	canon-1319
1320	canon-text/canons-14.html	canon-1320
1321	canon-text/canons-14.html	canon-1321
1322	canon-text/canons-14.html	canon-1322
1323	canon-text/canons-14.html	canon-1323
1324	canon-text/canons-14.html	canon-1324
1325	canon-text/canons-14.html	canon-1325
1326	canon-text/canons-14.html	canon-1326
1327	canon-text/canons-14.html	canon-1327
1328	canon-text/canons-14.html	canon-1328
1329	canon-text/canons-14.html	canon-1329
1330	canon-text/canons-14.html	canon-1330
1331	canon-text/canons-14.html	canon-1331
1332	canon-text/canons-14.html	canon-1332
1333	canon-text/canons-14.html	canon-1333
1334	canon-text/canons-14.html	canon-1334
1335	canon-text/canons-14.html	canon-1335
1336	canon-text/canons-14.html	canon-1336
1337	canon-text/canons-14.html	canon-1337
1338	canon-text/canons-14.html	canon-1338
1339	canon-text/canons-14.html	canon-1339
1340	canon-text/canons-14.html	canon-1340
1341	canon-text/canons-14.html	canon-1341
1342	canon-text/canons-14.html	canon-1342
1343	canon-text/canons-14.html	canon-1343
1344	canon-text/canons-14.html	canon-1344
1345	canon-text/canons-14.html	canon-1345
1346	canon-text/canons-14.html	canon-1346
1347	canon-text/canons-14.html	canon-1347
1348	canon-text/canons-14.html	canon-1348
1349	canon-text/canons-14.html	canon-1349
1350	canon-text/canons-14.html	canon-1350
1351	canon-text/canons-14.html	canon-1351
1352	canon-text/canons-14.html	canon-1352
1353	canon-text/canons-14.html	canon-1353
1354	canon-text/canons-14.html	canon-1354
1355	canon-text/canons-14.html	canon-1355
1356	canon-text/canons-14.html	canon-1356
1357	canon-text/canons-14.html	canon-1357
1358	canon-text/canons-14.html	canon-1358
1359	canon-text/canons-14.html	canon-1359
1360	canon-text/canons-14.html	canon-1360
1361	canon-text/canons-14.html	canon-1361
1362	canon-text/canons-14.html	canon-1362
1363	canon-text/canons-14.html	canon-1363
1364	canon-text/canons-14.html	canon-1364
1365	canon-text/canons-14.html	canon-1365
1366	canon-text/canons-14.html	canon-1366
1367	canon-text/canons-14.html	canon-1367
1368	canon-text/canons-14.html	canon-1368
1369	canon-text/canons-14.html	canon-1369
1370	canon-text/canons-14.html	canon-1370
1371	canon-text/canons-14.html	canon-1371
1372	canon-text/canons-14.html	canon-1372
1373	canon-text/canons-14.html	canon-1373
1374	canon-text/canons-14.html	canon-1374
1375	canon-text/canons-14.html	canon-1375
1376	canon-text/canons-14.html	canon-1376
1377	canon-text/canons-14.html	canon-1377
1378	canon-text/canons-14.html	canon-1378
1379	canon-text/canons-14.html	canon-1379
1380	canon-text/canons-14.html	canon-1380
1381	canon-text/canons-14.html	canon-1381
1382	canon-text/canons-14.html	canon-1382
1383	canon-text/canons-14.html	canon-1383
1384	canon-text/canons-14.html	canon-1384
1385	canon-text/canons-14.html	canon-1385
1386	canon-text/canons-14.html	canon-1386
1387	canon-text/canons-14.html	canon-1387
1388	canon-text/canons-14.html	canon-1388
1389	canon-text/canons-14.html	canon-1389
1390	canon-text/canons-14.html	canon-1390
1391	canon-text/canons-14.html	canon-1391
1392	canon-text/canons-14.html	canon-1392
1393	canon-text/canons-14.html	canon-1393
1394	canon-text/canons-14.html	canon-1394
1395	canon-text/canons-14.html	canon-1395
1396	canon-text/canons-14.html	canon-1396
1397	canon-text/canons-14.html	canon-1397
1398	canon-text/canons-14.html	canon-1398
1399	canon-text/canons-14.html	canon-1399
1400	canon-text/canons-14.html	canon-1400
1401	canon-text/canons-15.html	canon-1401
1402	canon-text/canons-15.html	canon-1402
1403	canon-text/canons-15.html	canon-1403
1404	canon-text/canons-15.html	canon-1404
1405	canon-text/canons-15.html	canon-1405
1406	canon-text/canons-15.html	canon-1406
1407	canon-text/canons-15.html	canon-1407
1408	canon-text/canons-15.html	canon-1408
1409	canon-text/canons-15.html	canon-1409
1410	canon-text/canons-15.html	canon-1410
1411	canon-text/canons-15.html	canon-1411
1412	canon-text/canons-15.html	canon-1412
1413	canon-text/canons-15.html	canon-1413
1414	canon-text/canons-15.html	canon-1414
1415	canon-text/canons-15.html	canon-1415
1416	canon-text/canons-15.html	canon-1416
1417	canon-text/canons-15.html	canon-1417
1418	canon-text/canons-15.html	canon-1418
1419	canon-text/canons-15.html	canon-1419
1420	canon-text/canons-15.html	canon-1420
1421	canon-text/canons-15.html	canon-1421
1422	canon-text/canons-15.html	canon-1422
1423	canon-text/canons-15.html	canon-1423
1424	canon-text/canons-15.html	canon-1424
1425	canon-text/canons-15.html	canon-1425
1426	canon-text/canons-15.html	canon-1426
1427	canon-text/canons-15.html	canon-1427
1428	canon-text/canons-15.html	canon-1428
1429	canon-text/canons-15.html	canon-1429
1430	canon-text/canons-15.html	canon-1430
1431	canon-text/canons-15.html	canon-1431
1432	canon-text/canons-15.html	canon-1432
1433	canon-text/canons-15.html	canon-1433
1434	canon-text/canons-15.html	canon-1434
1435	canon-text/canons-15.html	canon-1435
1436	canon-text/canons-15.html	canon-1436
1437	canon-text/canons-15.html	canon-1437
1438	canon-text/canons-15.html	canon-1438
1439	canon-text/canons-15.html	canon-1439
1440	canon-text/canons-15.html	canon-1440
1441	canon-text/canons-15.html	canon-1441
1442	canon-text/canons-15.html	canon-1442
1443	canon-text/canons-15.html	canon-1443
1444	canon-text/canons-15.html	canon-1444
1445	canon-text/canons-15.html	canon-1445
1446	canon-text/canons-15.html	canon-1446
1447	canon-text/canons-15.html	canon-1447
1448	canon-text/canons-15.html	canon-1448
1449	canon-text/canons-15.html	canon-1449
1450	canon-text/canons-15.html	canon-1450
1451	canon-text/canons-15.html	canon-1451
1452	canon-text/canons-15.html	canon-1452
1453	canon-text/canons-15.html	canon-1453
1454	canon-text/canons-15.html	canon-1454
1455	canon-text/canons-15.html	canon-1455
1456	canon-text/canons-15.html	canon-1456
1457	canon-text/canons-15.html	canon-1457
1458	canon-text/canons-15.html	canon-1458
1459	canon-text/canons-15.html	canon-1459
1460	canon-text/canons-15.html	canon-1460
1461	canon-text/canons-15.html	canon-1461
1462	canon-text/canons-15.html	canon-1462
1463	canon-text/canons-15.html	canon-1463
1464	canon-text/canons-15.html	canon-1464
1465	canon-text/canons-15.html	canon-1465
1466	canon-text/canons-15.html	canon-1466
1467	canon-text/canons-15.html	canon-1467
1468	canon-text/canons-15.html	canon-1468
1469	canon-text/canons-15.html	canon-1469
1470	canon-text/canons-15.html	canon-1470
1471	canon-text/canons-15.html	canon-1471
1472	canon-text/canons-15.html	canon-1472
1473	canon-text/canons-15.html	canon-1473
1474	canon-text/canons-15.html	canon-1474
1475	canon-text/canons-15.html	canon-1475
1476	canon-text/canons-15.html	canon-1476
1477	canon-text/canons-15.html	canon-1477
1478	canon-text/canons-15.html	canon-1478
1479	canon-text/canons-15.html	canon-1479
1480	canon-text/canons-15.html	canon-1480
1481	canon-text/canons-15.html	canon-1481
1482	canon-text/canons-15.html	canon-1482
1483	canon-text/canons-15.html	canon-1483
1484	canon-text/canons-15.html	canon-1484
1485	canon-text/canons-15.html	canon-1485
1486	canon-text/canons-15.html	canon-1486
1487	canon-text/canons-15.html	canon-1487
1488	canon-text/canons-15.html	canon-1488
1489	canon-text/canons-15.html	canon-1489
1490	canon-text/canons-15.html	canon-1490
1491	canon-text/canons-15.html	canon-1491
1492	canon-text/canons-15.html	canon-1492
1493	canon-text/canons-15.html	canon-1493
1494	canon-text/canons-15.html	canon-1494
1495	canon-text/canons-15.html	canon-1495
1496	canon-text/canons-15.html	canon-1496
1497	canon-text/canons-15.html	canon-1497
1498	canon-text/canons-15.html	canon-1498
1499	canon-text/canons-15.html	canon-1499
1500	canon-text/canons-15.html	canon-1500
1501	canon-text/canons-16.html	canon-1501
1502	canon-text/canons-16.html	canon-1502
1503	canon-text/canons-16.html	canon-1503
1504	canon-text/canons-16.html	canon-1504
1505	canon-text/canons-16.html	canon-1505
1506	canon-text/canons-16.html	canon-1506
1507	canon-text/canons-16.html	canon-1507
1508	canon-text/canons-16.html	canon-1508
1509	canon-text/canons-16.html	canon-1509
1510	canon-text/canons-16.html	canon-1510
1511	canon-text/canons-16.html	canon-1511
1512	canon-text/canons-16.html	canon-1512
1513	canon-text/canons-16.html	canon-1513
1514	canon-text/canons-16.html	canon-1514
1515	canon-text/canons-16.html	canon-1515
1516	canon-text/canons-16.html	canon-1516
1517	canon-text/canons-16.html	canon-1517
1518	canon-text/canons-16.html	canon-1518
1519	canon-text/canons-16.html	canon-1519
1520	canon-text/canons-16.html	canon-1520
1521	canon-text/canons-16.html	canon-1521
1522	canon-text/canons-16.html	canon-1522
1523	canon-text/canons-16.html	canon-1523
1524	canon-text/canons-16.html	canon-1524
1525	canon-text/canons-16.html	canon-1525
1526	canon-text/canons-16.html	canon-1526
1527	canon-text/canons-16.html	canon-1527
1528	canon-text/canons-16.html	canon-1528
1529	canon-text/canons-16.html	canon-1529
1530	canon-text/canons-16.html	canon-1530
1531	canon-text/canons-16.html	canon-1531
1532	canon-text/canons-16.html	canon-1532
1533	canon-text/canons-16.html	canon-1533
1534	canon-text/canons-16.html	canon-1534
1535	canon-text/canons-16.html	canon-1535
1536	canon-text/canons-16.html	canon-1536
1537	canon-text/canons-16.html	canon-1537
1538	canon-text/canons-16.html	canon-1538
1539	canon-text/canons-16.html	canon-1539
1540	canon-text/canons-16.html	canon-1540
1541	canon-text/canons-16.html	canon-1541
1542	canon-text/canons-16.html	canon-1542
1543	canon-text/canons-16.html	canon-1543
1544	canon-text/canons-16.html	canon-1544
1545	canon-text/canons-16.html	canon-1545
1546	canon-text/canons-16.html	canon-1546
1547	canon-text/canons-16.html	canon-1547
1548	canon-text/canons-16.html	canon-1548
1549	canon-text/canons-16.html	canon-1549
1550	canon-text/canons-16.html	canon-1550
1551	canon-text/canons-16.html	canon-1551
1552	canon-text/canons-16.html	canon-1552
1553	canon-text/canons-16.html	canon-1553
1554	canon-text/canons-16.html	canon-1554
1555	canon-text/canons-16.html	canon-1555
1556	canon-text/canons-16.html	canon-1556
1557	canon-text/canons-16.html	canon-1557
1558	canon-text/canons-16.html	canon-1558
1559	canon-text/canons-16.html	canon-1559
1560	canon-text/canons-16.html	canon-1560
1561	canon-text/canons-16.html	canon-1561
1562	canon-text/canons-16.html	canon-1562
1563	canon-text/canons-16.html	canon-1563
1564	canon-text/canons-16.html	canon-1564
1565	canon-text/canons-16.html	canon-1565
1566	canon-text/canons-16.html	canon-1566
1567	canon-text/canons-16.html	canon-1567
1568	canon-text/canons-16.html	canon-1568
1569	canon-text/canons-16.html	canon-1569
1570	canon-text/canons-16.html	canon-1570
1571	canon-text/canons-16.html	canon-1571
1572	canon-text/canons-16.html	canon-1572
1573	canon-text/canons-16.html	canon-1573
1574	canon-text/canons-16.html	canon-1574
1575	canon-text/canons-16.html	canon-1575
1576	canon-text/canons-16.html	canon-1576
1577	canon-text/canons-16.html	canon-1577
1578	canon-text/canons-16.html	canon-1578
1579	canon-text/canons-16.html	canon-1579
1580	canon-text/canons-16.html	canon-1580
1581	canon-text/canons-16.html	canon-1581
1582	canon-text/canons-16.html	canon-1582
1583	canon-text/canons-16.html	canon-1583
1584	canon-text/canons-16.html	canon-1584
1585	canon-text/canons-16.html	canon-1585
1586	canon-text/canons-16.html	canon-1586
1587	canon-text/canons-16.html	canon-1587
1588	canon-text/canons-16.html	canon-1588
1589	canon-text/canons-16.html	canon-1589
1590	canon-text/canons-16.html	canon-1590
1591	canon-text/canons-16.html	canon-1591
1592	canon-text/canons-16.html	canon-1592
1593	canon-text/canons-16.html	canon-1593
1594	canon-text/canons-16.html	canon-1594
1595	canon-text/canons-16.html	canon-1595
1596	canon-text/canons-16.html	canon-1596
1597	canon-text/canons-16.html	canon-1597
1598	canon-text/canons-16.html	canon-1598
1599	canon-text/canons-16.html	canon-1599
1600	canon-text/canons-16.html	canon-1600
1601	canon-text/canons-17.html	canon-1601
1602	canon-text/canons-17.html	canon-1602
1603	canon-text/canons-17.html	canon-1603
1604	canon-text/canons-17.html	canon-1604
1605	canon-text/canons-17.html	canon-1605
1606	canon-text/canons-17.html	canon-1606
1607	canon-text/canons-17.html	canon-1607
1608	canon-text/canons-17.html	canon-1608
1609	canon-text/canons-17.html	canon-1609
1610	canon-text/canons-17.html	canon-1610
1611	canon-text/canons-17.html	canon-1611
1612	canon-text/canons-17.html	canon-1612
1613	canon-text/canons-17.html	canon-1613
1614	canon-text/canons-17.html	canon-1614
1615	canon-text/canons-17.html	canon-1615
1616	canon-text/canons-17.html	canon-1616
1617	canon-text/canons-17.html	canon-1617
1618	canon-text/canons-17.html	canon-1618
1619	canon-text/canons-17.html	canon-1619
1620	canon-text/canons-17.html	canon-1620
1621	canon-text/canons-17.html	canon-1621
1622	canon-text/canons-17.html	canon-1622
1623	canon-text/canons-17.html	canon-1623
1624	canon-text/canons-17.html	canon-1624
1625	canon-text/canons-17.html	canon-1625
1626	canon-text/canons-17.html	canon-1626
1627	canon-text/canons-17.html	canon-1627
1628	canon-text/canons-17.html	canon-1628
1629	canon-text/canons-17.html	canon-1629
1630	canon-text/canons-17.html	canon-1630
1631	canon-text/canons-17.html	canon-1631
1632	canon-text/canons-17.html	canon-1632
1633	canon-text/canons-17.html	canon-1633
1634	canon-text/canons-17.html	canon-1634
1635	canon-text/canons-17.html	canon-1635
1636	canon-text/canons-17.html	canon-1636
1637	canon-text/canons-17.html	canon-1637
1638	canon-text/canons-17.html	canon-1638
1639	canon-text/canons-17.html	canon-1639
1640	canon-text/canons-17.html	canon-1640
1641	canon-text/canons-17.html	canon-1641
1642	canon-text/canons-17.html	canon-1642
1643	canon-text/canons-17.html	canon-1643
1644	canon-text/canons-17.html	canon-1644
1645	canon-text/canons-17.html	canon-1645
1646	canon-text/canons-17.html	canon-1646
1647	canon-text/canons-17.html	canon-1647
1648	canon-text/canons-17.html	canon-1648
1649	canon-text/canons-17.html	canon-1649
1650	canon-text/canons-17.html	canon-1650
1651	canon-text/canons-17.html	canon-1651
1652	canon-text/canons-17.html	canon-1652
1653	canon-text/canons-17.html	canon-1653
1654	canon-text/canons-17.html	canon-1654
1655	canon-text/canons-17.html	canon-1655
1656	canon-text/canons-17.html	canon-1656
1657	canon-text/canons-17.html	canon-1657
1658	canon-text/canons-17.html	canon-1658
1659	canon-text/canons-17.html	canon-1659
1660	canon-text/canons-17.html	canon-1660
1661	canon-text/canons-17.html	canon-1661
1662	canon-text/canons-17.html	canon-1662
1663	canon-text/canons-17.html	canon-1663
1664	canon-text/canons-17.html	canon-1664
1665	canon-text/canons-17.html	canon-1665
1666	canon-text/canons-17.html	canon-1666
1667	canon-text/canons-17.html	canon-1667
1668	canon-text/canons-17.html	canon-1668
1669	canon-text/canons-17.html	canon-1669
1670	canon-text/canons-17.html	canon-1670
1671	canon-text/canons-17.html	canon-1671
1672	canon-text/canons-17.html	canon-1672
1673	canon-text/canons-17.html	canon-1673
1674	canon-text/canons-17.html	canon-1674
1675	canon-text/canons-17.html	canon-1675
1676	canon-text/canons-17.html	canon-1676
1677	canon-text/canons-17.html	canon-1677
1678	canon-text/canons-17.html	canon-1678
1679	canon-text/canons-17.html	canon-1679
1680	canon-text/canons-17.html	canon-1680
1681	canon-text/canons-17.html	canon-1681
1682	canon-text/canons-17.html	canon-1682
1683	canon-text/canons-17.html	canon-1683
1684	canon-text/canons-17.html	canon-1684
1685	canon-text/canons-17.html	canon-1685
1686	canon-text/canons-17.html	canon-1686
1687	canon-text/canons-17.html	canon-1687
1688	canon-text/canons-17.html	canon-1688
1689	canon-text/canons-17.html	canon-1689
1690	canon-text/canons-17.html	canon-1690
1691	canon-text/canons-17.html	canon-1691
1692	canon-text/canons-17.html	canon-1692
1693	canon-text/canons-17.html	canon-1693
1694	canon-text/canons-17.html	canon-1694
1695	canon-text/canons-17.html	canon-1695
1696	canon-text/canons-17.html	canon-1696
1697	canon-text/canons-17.html	canon-1697
1698	canon-text/canons-17.html	canon-1698
1699	canon-text/canons-17.html	canon-1699
1700	canon-text/canons-17.html	canon-1700
1701	canon-text/canons-18.html	canon-1701
1702	canon-text/canons-18.html	canon-1702
1703	canon-text/canons-18.html	canon-1703
1704	canon-text/canons-18.html	canon-1704
1705	canon-text/canons-18.html	canon-1705
1706	canon-text/canons-18.html	canon-1706
1707	canon-text/canons-18.html	canon-1707
1708	canon-text/canons-18.html	canon-1708
1709	canon-text/canons-18.html	canon-1709
1710	canon-text/canons-18.html	canon-1710
1711	canon-text/canons-18.html	canon-1711
1712	canon-text/canons-18.html	canon-1712
1713	canon-text/canons-18.html	canon-1713
1714	canon-text/canons-18.html	canon-1714
1715	canon-text/canons-18.html	canon-1715
1716	canon-text/canons-18.html	canon-1716
1717	canon-text/canons-18.html	canon-1717
1718	canon-text/canons-18.html	canon-1718
1719	canon-text/canons-18.html	canon-1719
1720	canon-text/canons-18.html	canon-1720
1721	canon-text/canons-18.html	canon-1721
1722	canon-text/canons-18.html	canon-1722
1723	canon-text/canons-18.html	canon-1723
1724	canon-text/canons-18.html	canon-1724
1725	canon-text/canons-18.html	canon-1725
1726	canon-text/canons-18.html	canon-1726
1727	canon-text/canons-18.html	canon-1727
1728	canon-text/canons-18.html	canon-1728
1729	canon-text/canons-18.html	canon-1729
1730	canon-text/canons-18.html	canon-1730
1731	canon-text/canons-18.html	canon-1731
1732	canon-text/canons-18.html	canon-1732
1733	canon-text/canons-18.html	canon-1733
1734	canon-text/canons-18.html	canon-1734
1735	canon-text/canons-18.html	canon-1735
1736	canon-text/canons-18.html	canon-1736
1737	canon-text/canons-18.html	canon-1737
1738	canon-text/canons-18.html	canon-1738
1739	canon-text/canons-18.html	canon-1739
1740	canon-text/canons-18.html	canon-1740
1741	canon-text/canons-18.html	canon-1741
1742	canon-text/canons-18.html	canon-1742
1743	canon-text/canons-18.html	canon-1743
1744	canon-text/canons-18.html	canon-1744
1745	canon-text/canons-18.html	canon-1745
1746	canon-text/canons-18.html	canon-1746
1747	canon-text/canons-18.html	canon-1747
1748	canon-text/canons-18.html	canon-1748
1749	canon-text/canons-18.html	canon-1749
1750	canon-text/canons-18.html	canon-1750
1751	canon-text/canons-18.html	canon-1751
1752	canon-text/canons-18.html	canon-1752
